repo,date,stars_gained_that_day,prs_opened_that_day,cumulative_stars,cumulative_prs
apache/kafka,2011-08-16,1,0,1,0
apache/kafka,2011-08-17,0,0,1,0
apache/kafka,2011-08-18,0,0,1,0
apache/kafka,2011-08-19,0,0,1,0
apache/kafka,2011-08-20,0,0,1,0
apache/kafka,2011-08-21,0,0,1,0
apache/kafka,2011-08-22,0,0,1,0
apache/kafka,2011-08-23,0,0,1,0
apache/kafka,2011-08-24,1,0,2,0
apache/kafka,2011-08-25,0,0,2,0
apache/kafka,2011-08-26,1,0,3,0
apache/kafka,2011-08-27,0,0,3,0
apache/kafka,2011-08-28,1,0,4,0
apache/kafka,2011-08-29,0,0,4,0
apache/kafka,2011-08-30,0,0,4,0
apache/kafka,2011-08-31,0,0,4,0
apache/kafka,2011-09-01,0,0,4,0
apache/kafka,2011-09-02,0,0,4,0
apache/kafka,2011-09-03,0,0,4,0
apache/kafka,2011-09-04,0,0,4,0
apache/kafka,2011-09-05,0,0,4,0
apache/kafka,2011-09-06,0,0,4,0
apache/kafka,2011-09-07,0,0,4,0
apache/kafka,2011-09-08,0,0,4,0
apache/kafka,2011-09-09,0,0,4,0
apache/kafka,2011-09-10,0,0,4,0
apache/kafka,2011-09-11,0,0,4,0
apache/kafka,2011-09-12,0,0,4,0
apache/kafka,2011-09-13,1,0,5,0
apache/kafka,2011-09-14,0,0,5,0
apache/kafka,2011-09-15,0,0,5,0
apache/kafka,2011-09-16,0,0,5,0
apache/kafka,2011-09-17,0,0,5,0
apache/kafka,2011-09-18,1,0,6,0
apache/kafka,2011-09-19,0,0,6,0
apache/kafka,2011-09-20,0,0,6,0
apache/kafka,2011-09-21,0,0,6,0
apache/kafka,2011-09-22,0,0,6,0
apache/kafka,2011-09-23,0,0,6,0
apache/kafka,2011-09-24,0,0,6,0
apache/kafka,2011-09-25,1,0,7,0
apache/kafka,2011-09-26,0,0,7,0
apache/kafka,2011-09-27,0,0,7,0
apache/kafka,2011-09-28,0,0,7,0
apache/kafka,2011-09-29,0,0,7,0
apache/kafka,2011-09-30,1,0,8,0
apache/kafka,2011-10-01,1,0,9,0
apache/kafka,2011-10-02,1,0,10,0
apache/kafka,2011-10-03,0,0,10,0
apache/kafka,2011-10-04,0,0,10,0
apache/kafka,2011-10-05,0,0,10,0
apache/kafka,2011-10-06,0,0,10,0
apache/kafka,2011-10-07,0,0,10,0
apache/kafka,2011-10-08,0,0,10,0
apache/kafka,2011-10-09,0,0,10,0
apache/kafka,2011-10-10,0,0,10,0
apache/kafka,2011-10-11,0,0,10,0
apache/kafka,2011-10-12,0,0,10,0
apache/kafka,2011-10-13,0,0,10,0
apache/kafka,2011-10-14,1,0,11,0
apache/kafka,2011-10-15,0,0,11,0
apache/kafka,2011-10-16,0,0,11,0
apache/kafka,2011-10-17,0,0,11,0
apache/kafka,2011-10-18,0,0,11,0
apache/kafka,2011-10-19,1,0,12,0
apache/kafka,2011-10-20,0,0,12,0
apache/kafka,2011-10-21,0,0,12,0
apache/kafka,2011-10-22,0,0,12,0
apache/kafka,2011-10-23,0,0,12,0
apache/kafka,2011-10-24,0,0,12,0
apache/kafka,2011-10-25,0,0,12,0
apache/kafka,2011-10-26,0,0,12,0
apache/kafka,2011-10-27,1,0,13,0
apache/kafka,2011-10-28,0,0,13,0
apache/kafka,2011-10-29,0,0,13,0
apache/kafka,2011-10-30,0,0,13,0
apache/kafka,2011-10-31,0,0,13,0
apache/kafka,2011-11-01,0,0,13,0
apache/kafka,2011-11-02,0,0,13,0
apache/kafka,2011-11-03,0,0,13,0
apache/kafka,2011-11-04,2,0,15,0
apache/kafka,2011-11-05,0,0,15,0
apache/kafka,2011-11-06,0,0,15,0
apache/kafka,2011-11-07,0,0,15,0
apache/kafka,2011-11-08,0,0,15,0
apache/kafka,2011-11-09,1,0,16,0
apache/kafka,2011-11-10,0,0,16,0
apache/kafka,2011-11-11,0,0,16,0
apache/kafka,2011-11-12,1,0,17,0
apache/kafka,2011-11-13,0,0,17,0
apache/kafka,2011-11-14,0,0,17,0
apache/kafka,2011-11-15,0,0,17,0
apache/kafka,2011-11-16,1,0,18,0
apache/kafka,2011-11-17,0,0,18,0
apache/kafka,2011-11-18,0,0,18,0
apache/kafka,2011-11-19,0,0,18,0
apache/kafka,2011-11-20,0,0,18,0
apache/kafka,2011-11-21,0,0,18,0
apache/kafka,2011-11-22,0,0,18,0
apache/kafka,2011-11-23,0,0,18,0
apache/kafka,2011-11-24,0,0,18,0
apache/kafka,2011-11-25,2,0,20,0
apache/kafka,2011-11-26,1,0,21,0
apache/kafka,2011-11-27,0,0,21,0
apache/kafka,2011-11-28,0,0,21,0
apache/kafka,2011-11-29,0,0,21,0
apache/kafka,2011-11-30,0,0,21,0
apache/kafka,2011-12-01,0,0,21,0
apache/kafka,2011-12-02,0,0,21,0
apache/kafka,2011-12-03,0,0,21,0
apache/kafka,2011-12-04,0,0,21,0
apache/kafka,2011-12-05,0,0,21,0
apache/kafka,2011-12-06,1,0,22,0
apache/kafka,2011-12-07,0,0,22,0
apache/kafka,2011-12-08,0,0,22,0
apache/kafka,2011-12-09,0,0,22,0
apache/kafka,2011-12-10,0,0,22,0
apache/kafka,2011-12-11,0,0,22,0
apache/kafka,2011-12-12,1,0,23,0
apache/kafka,2011-12-13,0,0,23,0
apache/kafka,2011-12-14,0,0,23,0
apache/kafka,2011-12-15,0,0,23,0
apache/kafka,2011-12-16,1,0,24,0
apache/kafka,2011-12-17,0,0,24,0
apache/kafka,2011-12-18,0,0,24,0
apache/kafka,2011-12-19,0,0,24,0
apache/kafka,2011-12-20,0,0,24,0
apache/kafka,2011-12-21,0,0,24,0
apache/kafka,2011-12-22,0,0,24,0
apache/kafka,2011-12-23,0,0,24,0
apache/kafka,2011-12-24,0,0,24,0
apache/kafka,2011-12-25,0,0,24,0
apache/kafka,2011-12-26,0,0,24,0
apache/kafka,2011-12-27,0,0,24,0
apache/kafka,2011-12-28,0,0,24,0
apache/kafka,2011-12-29,0,0,24,0
apache/kafka,2011-12-30,2,0,26,0
apache/kafka,2011-12-31,0,0,26,0
apache/kafka,2012-01-01,0,0,26,0
apache/kafka,2012-01-02,1,0,27,0
apache/kafka,2012-01-03,1,0,28,0
apache/kafka,2012-01-04,0,0,28,0
apache/kafka,2012-01-05,0,0,28,0
apache/kafka,2012-01-06,0,0,28,0
apache/kafka,2012-01-07,0,0,28,0
apache/kafka,2012-01-08,1,0,29,0
apache/kafka,2012-01-09,0,0,29,0
apache/kafka,2012-01-10,0,0,29,0
apache/kafka,2012-01-11,0,0,29,0
apache/kafka,2012-01-12,0,0,29,0
apache/kafka,2012-01-13,0,0,29,0
apache/kafka,2012-01-14,0,0,29,0
apache/kafka,2012-01-15,0,0,29,0
apache/kafka,2012-01-16,0,0,29,0
apache/kafka,2012-01-17,0,0,29,0
apache/kafka,2012-01-18,0,0,29,0
apache/kafka,2012-01-19,0,0,29,0
apache/kafka,2012-01-20,0,0,29,0
apache/kafka,2012-01-21,0,0,29,0
apache/kafka,2012-01-22,0,0,29,0
apache/kafka,2012-01-23,0,0,29,0
apache/kafka,2012-01-24,1,0,30,0
apache/kafka,2012-01-25,0,0,30,0
apache/kafka,2012-01-26,0,0,30,0
apache/kafka,2012-01-27,0,0,30,0
apache/kafka,2012-01-28,0,0,30,0
apache/kafka,2012-01-29,0,0,30,0
apache/kafka,2012-01-30,0,0,30,0
apache/kafka,2012-01-31,0,0,30,0
apache/kafka,2012-02-01,0,0,30,0
apache/kafka,2012-02-02,1,0,31,0
apache/kafka,2012-02-03,0,0,31,0
apache/kafka,2012-02-04,0,0,31,0
apache/kafka,2012-02-05,0,0,31,0
apache/kafka,2012-02-06,0,0,31,0
apache/kafka,2012-02-07,0,0,31,0
apache/kafka,2012-02-08,0,0,31,0
apache/kafka,2012-02-09,0,0,31,0
apache/kafka,2012-02-10,2,0,33,0
apache/kafka,2012-02-11,0,0,33,0
apache/kafka,2012-02-12,1,0,34,0
apache/kafka,2012-02-13,0,0,34,0
apache/kafka,2012-02-14,3,0,37,0
apache/kafka,2012-02-15,0,0,37,0
apache/kafka,2012-02-16,0,0,37,0
apache/kafka,2012-02-17,1,0,38,0
apache/kafka,2012-02-18,1,0,39,0
apache/kafka,2012-02-19,0,0,39,0
apache/kafka,2012-02-20,1,0,40,0
apache/kafka,2012-02-21,0,0,40,0
apache/kafka,2012-02-22,1,0,41,0
apache/kafka,2012-02-23,1,0,42,0
apache/kafka,2012-02-24,0,0,42,0
apache/kafka,2012-02-25,0,0,42,0
apache/kafka,2012-02-26,0,0,42,0
apache/kafka,2012-02-27,0,0,42,0
apache/kafka,2012-02-28,0,0,42,0
apache/kafka,2012-02-29,1,0,43,0
apache/kafka,2012-03-01,2,0,45,0
apache/kafka,2012-03-02,0,0,45,0
apache/kafka,2012-03-03,0,0,45,0
apache/kafka,2012-03-04,1,0,46,0
apache/kafka,2012-03-05,0,0,46,0
apache/kafka,2012-03-06,0,0,46,0
apache/kafka,2012-03-07,1,0,47,0
apache/kafka,2012-03-08,0,0,47,0
apache/kafka,2012-03-09,0,0,47,0
apache/kafka,2012-03-10,1,0,48,0
apache/kafka,2012-03-11,0,0,48,0
apache/kafka,2012-03-12,0,0,48,0
apache/kafka,2012-03-13,0,0,48,0
apache/kafka,2012-03-14,0,0,48,0
apache/kafka,2012-03-15,0,0,48,0
apache/kafka,2012-03-16,0,0,48,0
apache/kafka,2012-03-17,0,0,48,0
apache/kafka,2012-03-18,0,0,48,0
apache/kafka,2012-03-19,0,0,48,0
apache/kafka,2012-03-20,0,0,48,0
apache/kafka,2012-03-21,0,0,48,0
apache/kafka,2012-03-22,0,0,48,0
apache/kafka,2012-03-23,0,0,48,0
apache/kafka,2012-03-24,0,0,48,0
apache/kafka,2012-03-25,0,0,48,0
apache/kafka,2012-03-26,0,0,48,0
apache/kafka,2012-03-27,0,0,48,0
apache/kafka,2012-03-28,0,0,48,0
apache/kafka,2012-03-29,0,0,48,0
apache/kafka,2012-03-30,0,0,48,0
apache/kafka,2012-03-31,0,0,48,0
apache/kafka,2012-04-01,0,0,48,0
apache/kafka,2012-04-02,0,0,48,0
apache/kafka,2012-04-03,0,0,48,0
apache/kafka,2012-04-04,0,0,48,0
apache/kafka,2012-04-05,0,0,48,0
apache/kafka,2012-04-06,0,0,48,0
apache/kafka,2012-04-07,0,0,48,0
apache/kafka,2012-04-08,0,0,48,0
apache/kafka,2012-04-09,0,0,48,0
apache/kafka,2012-04-10,0,0,48,0
apache/kafka,2012-04-11,0,0,48,0
apache/kafka,2012-04-12,0,0,48,0
apache/kafka,2012-04-13,0,0,48,0
apache/kafka,2012-04-14,0,0,48,0
apache/kafka,2012-04-15,0,0,48,0
apache/kafka,2012-04-16,0,0,48,0
apache/kafka,2012-04-17,0,0,48,0
apache/kafka,2012-04-18,0,0,48,0
apache/kafka,2012-04-19,0,0,48,0
apache/kafka,2012-04-20,0,0,48,0
apache/kafka,2012-04-21,0,0,48,0
apache/kafka,2012-04-22,0,0,48,0
apache/kafka,2012-04-23,0,0,48,0
apache/kafka,2012-04-24,0,0,48,0
apache/kafka,2012-04-25,0,0,48,0
apache/kafka,2012-04-26,0,0,48,0
apache/kafka,2012-04-27,0,0,48,0
apache/kafka,2012-04-28,0,0,48,0
apache/kafka,2012-04-29,0,0,48,0
apache/kafka,2012-04-30,0,0,48,0
apache/kafka,2012-05-01,0,0,48,0
apache/kafka,2012-05-02,0,0,48,0
apache/kafka,2012-05-03,0,0,48,0
apache/kafka,2012-05-04,0,0,48,0
apache/kafka,2012-05-05,0,0,48,0
apache/kafka,2012-05-06,0,0,48,0
apache/kafka,2012-05-07,0,0,48,0
apache/kafka,2012-05-08,0,0,48,0
apache/kafka,2012-05-09,0,0,48,0
apache/kafka,2012-05-10,0,0,48,0
apache/kafka,2012-05-11,0,0,48,0
apache/kafka,2012-05-12,0,0,48,0
apache/kafka,2012-05-13,0,0,48,0
apache/kafka,2012-05-14,0,0,48,0
apache/kafka,2012-05-15,0,0,48,0
apache/kafka,2012-05-16,0,0,48,0
apache/kafka,2012-05-17,0,0,48,0
apache/kafka,2012-05-18,0,0,48,0
apache/kafka,2012-05-19,0,0,48,0
apache/kafka,2012-05-20,0,0,48,0
apache/kafka,2012-05-21,0,0,48,0
apache/kafka,2012-05-22,0,0,48,0
apache/kafka,2012-05-23,0,0,48,0
apache/kafka,2012-05-24,0,0,48,0
apache/kafka,2012-05-25,0,0,48,0
apache/kafka,2012-05-26,0,0,48,0
apache/kafka,2012-05-27,0,0,48,0
apache/kafka,2012-05-28,0,0,48,0
apache/kafka,2012-05-29,0,0,48,0
apache/kafka,2012-05-30,0,0,48,0
apache/kafka,2012-05-31,0,0,48,0
apache/kafka,2012-06-01,0,0,48,0
apache/kafka,2012-06-02,0,0,48,0
apache/kafka,2012-06-03,0,0,48,0
apache/kafka,2012-06-04,0,0,48,0
apache/kafka,2012-06-05,0,0,48,0
apache/kafka,2012-06-06,0,0,48,0
apache/kafka,2012-06-07,0,0,48,0
apache/kafka,2012-06-08,0,0,48,0
apache/kafka,2012-06-09,0,0,48,0
apache/kafka,2012-06-10,0,0,48,0
apache/kafka,2012-06-11,0,0,48,0
apache/kafka,2012-06-12,0,0,48,0
apache/kafka,2012-06-13,0,0,48,0
apache/kafka,2012-06-14,0,0,48,0
apache/kafka,2012-06-15,0,0,48,0
apache/kafka,2012-06-16,0,0,48,0
apache/kafka,2012-06-17,0,0,48,0
apache/kafka,2012-06-18,0,0,48,0
apache/kafka,2012-06-19,0,0,48,0
apache/kafka,2012-06-20,0,0,48,0
apache/kafka,2012-06-21,0,0,48,0
apache/kafka,2012-06-22,0,0,48,0
apache/kafka,2012-06-23,0,0,48,0
apache/kafka,2012-06-24,0,0,48,0
apache/kafka,2012-06-25,0,0,48,0
apache/kafka,2012-06-26,0,0,48,0
apache/kafka,2012-06-27,0,0,48,0
apache/kafka,2012-06-28,0,0,48,0
apache/kafka,2012-06-29,0,0,48,0
apache/kafka,2012-06-30,0,0,48,0
apache/kafka,2012-07-01,0,0,48,0
apache/kafka,2012-07-02,0,0,48,0
apache/kafka,2012-07-03,0,0,48,0
apache/kafka,2012-07-04,0,0,48,0
apache/kafka,2012-07-05,0,0,48,0
apache/kafka,2012-07-06,0,0,48,0
apache/kafka,2012-07-07,0,0,48,0
apache/kafka,2012-07-08,0,0,48,0
apache/kafka,2012-07-09,0,0,48,0
apache/kafka,2012-07-10,0,0,48,0
apache/kafka,2012-07-11,0,0,48,0
apache/kafka,2012-07-12,0,0,48,0
apache/kafka,2012-07-13,0,0,48,0
apache/kafka,2012-07-14,0,0,48,0
apache/kafka,2012-07-15,0,0,48,0
apache/kafka,2012-07-16,0,0,48,0
apache/kafka,2012-07-17,0,0,48,0
apache/kafka,2012-07-18,0,0,48,0
apache/kafka,2012-07-19,0,0,48,0
apache/kafka,2012-07-20,0,0,48,0
apache/kafka,2012-07-21,0,0,48,0
apache/kafka,2012-07-22,0,0,48,0
apache/kafka,2012-07-23,0,0,48,0
apache/kafka,2012-07-24,0,0,48,0
apache/kafka,2012-07-25,0,0,48,0
apache/kafka,2012-07-26,0,0,48,0
apache/kafka,2012-07-27,0,0,48,0
apache/kafka,2012-07-28,0,0,48,0
apache/kafka,2012-07-29,0,0,48,0
apache/kafka,2012-07-30,0,0,48,0
apache/kafka,2012-07-31,0,0,48,0
apache/kafka,2012-08-01,0,0,48,0
apache/kafka,2012-08-02,0,0,48,0
apache/kafka,2012-08-03,0,0,48,0
apache/kafka,2012-08-04,0,0,48,0
apache/kafka,2012-08-05,0,0,48,0
apache/kafka,2012-08-06,0,0,48,0
apache/kafka,2012-08-07,0,0,48,0
apache/kafka,2012-08-08,0,0,48,0
apache/kafka,2012-08-09,0,0,48,0
apache/kafka,2012-08-10,0,0,48,0
apache/kafka,2012-08-11,0,0,48,0
apache/kafka,2012-08-12,0,0,48,0
apache/kafka,2012-08-13,0,0,48,0
apache/kafka,2012-08-14,0,0,48,0
apache/kafka,2012-08-15,0,0,48,0
apache/kafka,2012-08-16,0,0,48,0
apache/kafka,2012-08-17,0,0,48,0
apache/kafka,2012-08-18,0,0,48,0
apache/kafka,2012-08-19,0,0,48,0
apache/kafka,2012-08-20,0,0,48,0
apache/kafka,2012-08-21,0,0,48,0
apache/kafka,2012-08-22,0,0,48,0
apache/kafka,2012-08-23,0,0,48,0
apache/kafka,2012-08-24,0,0,48,0
apache/kafka,2012-08-25,0,0,48,0
apache/kafka,2012-08-26,0,0,48,0
apache/kafka,2012-08-27,0,0,48,0
apache/kafka,2012-08-28,0,0,48,0
apache/kafka,2012-08-29,0,0,48,0
apache/kafka,2012-08-30,0,0,48,0
apache/kafka,2012-08-31,0,0,48,0
apache/kafka,2012-09-01,0,0,48,0
apache/kafka,2012-09-02,0,0,48,0
apache/kafka,2012-09-03,0,0,48,0
apache/kafka,2012-09-04,0,0,48,0
apache/kafka,2012-09-05,0,0,48,0
apache/kafka,2012-09-06,0,0,48,0
apache/kafka,2012-09-07,0,0,48,0
apache/kafka,2012-09-08,0,0,48,0
apache/kafka,2012-09-09,0,0,48,0
apache/kafka,2012-09-10,0,0,48,0
apache/kafka,2012-09-11,0,0,48,0
apache/kafka,2012-09-12,0,0,48,0
apache/kafka,2012-09-13,0,0,48,0
apache/kafka,2012-09-14,0,0,48,0
apache/kafka,2012-09-15,0,0,48,0
apache/kafka,2012-09-16,0,0,48,0
apache/kafka,2012-09-17,0,0,48,0
apache/kafka,2012-09-18,0,0,48,0
apache/kafka,2012-09-19,0,0,48,0
apache/kafka,2012-09-20,0,0,48,0
apache/kafka,2012-09-21,0,0,48,0
apache/kafka,2012-09-22,0,0,48,0
apache/kafka,2012-09-23,0,0,48,0
apache/kafka,2012-09-24,0,0,48,0
apache/kafka,2012-09-25,0,0,48,0
apache/kafka,2012-09-26,0,0,48,0
apache/kafka,2012-09-27,0,0,48,0
apache/kafka,2012-09-28,0,0,48,0
apache/kafka,2012-09-29,0,0,48,0
apache/kafka,2012-09-30,0,0,48,0
apache/kafka,2012-10-01,0,0,48,0
apache/kafka,2012-10-02,0,0,48,0
apache/kafka,2012-10-03,0,0,48,0
apache/kafka,2012-10-04,0,0,48,0
apache/kafka,2012-10-05,0,0,48,0
apache/kafka,2012-10-06,0,0,48,0
apache/kafka,2012-10-07,0,0,48,0
apache/kafka,2012-10-08,0,0,48,0
apache/kafka,2012-10-09,0,0,48,0
apache/kafka,2012-10-10,0,0,48,0
apache/kafka,2012-10-11,0,0,48,0
apache/kafka,2012-10-12,0,0,48,0
apache/kafka,2012-10-13,0,0,48,0
apache/kafka,2012-10-14,0,0,48,0
apache/kafka,2012-10-15,0,0,48,0
apache/kafka,2012-10-16,0,0,48,0
apache/kafka,2012-10-17,0,0,48,0
apache/kafka,2012-10-18,0,0,48,0
apache/kafka,2012-10-19,0,0,48,0
apache/kafka,2012-10-20,0,0,48,0
apache/kafka,2012-10-21,0,0,48,0
apache/kafka,2012-10-22,0,0,48,0
apache/kafka,2012-10-23,0,0,48,0
apache/kafka,2012-10-24,0,0,48,0
apache/kafka,2012-10-25,0,0,48,0
apache/kafka,2012-10-26,0,0,48,0
apache/kafka,2012-10-27,0,0,48,0
apache/kafka,2012-10-28,0,0,48,0
apache/kafka,2012-10-29,0,0,48,0
apache/kafka,2012-10-30,0,0,48,0
apache/kafka,2012-10-31,0,0,48,0
apache/kafka,2012-11-01,0,0,48,0
apache/kafka,2012-11-02,0,0,48,0
apache/kafka,2012-11-03,0,0,48,0
apache/kafka,2012-11-04,0,0,48,0
apache/kafka,2012-11-05,0,0,48,0
apache/kafka,2012-11-06,0,0,48,0
apache/kafka,2012-11-07,0,0,48,0
apache/kafka,2012-11-08,0,0,48,0
apache/kafka,2012-11-09,0,0,48,0
apache/kafka,2012-11-10,0,0,48,0
apache/kafka,2012-11-11,0,0,48,0
apache/kafka,2012-11-12,0,0,48,0
apache/kafka,2012-11-13,0,0,48,0
apache/kafka,2012-11-14,0,0,48,0
apache/kafka,2012-11-15,0,0,48,0
apache/kafka,2012-11-16,0,0,48,0
apache/kafka,2012-11-17,0,0,48,0
apache/kafka,2012-11-18,0,0,48,0
apache/kafka,2012-11-19,0,0,48,0
apache/kafka,2012-11-20,0,0,48,0
apache/kafka,2012-11-21,0,0,48,0
apache/kafka,2012-11-22,0,0,48,0
apache/kafka,2012-11-23,0,0,48,0
apache/kafka,2012-11-24,0,0,48,0
apache/kafka,2012-11-25,0,0,48,0
apache/kafka,2012-11-26,0,0,48,0
apache/kafka,2012-11-27,0,0,48,0
apache/kafka,2012-11-28,0,0,48,0
apache/kafka,2012-11-29,0,0,48,0
apache/kafka,2012-11-30,0,0,48,0
apache/kafka,2012-12-01,0,0,48,0
apache/kafka,2012-12-02,0,0,48,0
apache/kafka,2012-12-03,0,0,48,0
apache/kafka,2012-12-04,0,0,48,0
apache/kafka,2012-12-05,0,0,48,0
apache/kafka,2012-12-06,0,0,48,0
apache/kafka,2012-12-07,0,0,48,0
apache/kafka,2012-12-08,0,0,48,0
apache/kafka,2012-12-09,0,0,48,0
apache/kafka,2012-12-10,0,0,48,0
apache/kafka,2012-12-11,0,0,48,0
apache/kafka,2012-12-12,0,0,48,0
apache/kafka,2012-12-13,0,0,48,0
apache/kafka,2012-12-14,0,0,48,0
apache/kafka,2012-12-15,0,0,48,0
apache/kafka,2012-12-16,0,0,48,0
apache/kafka,2012-12-17,0,0,48,0
apache/kafka,2012-12-18,0,0,48,0
apache/kafka,2012-12-19,0,0,48,0
apache/kafka,2012-12-20,0,0,48,0
apache/kafka,2012-12-21,0,0,48,0
apache/kafka,2012-12-22,0,0,48,0
apache/kafka,2012-12-23,0,0,48,0
apache/kafka,2012-12-24,0,0,48,0
apache/kafka,2012-12-25,0,0,48,0
apache/kafka,2012-12-26,0,0,48,0
apache/kafka,2012-12-27,0,0,48,0
apache/kafka,2012-12-28,0,0,48,0
apache/kafka,2012-12-29,0,0,48,0
apache/kafka,2012-12-30,0,0,48,0
apache/kafka,2012-12-31,0,0,48,0
apache/kafka,2013-01-01,0,0,48,0
apache/kafka,2013-01-02,0,0,48,0
apache/kafka,2013-01-03,0,0,48,0
apache/kafka,2013-01-04,0,0,48,0
apache/kafka,2013-01-05,0,0,48,0
apache/kafka,2013-01-06,0,0,48,0
apache/kafka,2013-01-07,0,0,48,0
apache/kafka,2013-01-08,0,0,48,0
apache/kafka,2013-01-09,0,0,48,0
apache/kafka,2013-01-10,0,0,48,0
apache/kafka,2013-01-11,0,0,48,0
apache/kafka,2013-01-12,0,0,48,0
apache/kafka,2013-01-13,0,0,48,0
apache/kafka,2013-01-14,0,0,48,0
apache/kafka,2013-01-15,0,0,48,0
apache/kafka,2013-01-16,0,0,48,0
apache/kafka,2013-01-17,0,0,48,0
apache/kafka,2013-01-18,0,0,48,0
apache/kafka,2013-01-19,0,0,48,0
apache/kafka,2013-01-20,0,0,48,0
apache/kafka,2013-01-21,0,0,48,0
apache/kafka,2013-01-22,0,0,48,0
apache/kafka,2013-01-23,0,0,48,0
apache/kafka,2013-01-24,0,0,48,0
apache/kafka,2013-01-25,0,0,48,0
apache/kafka,2013-01-26,0,0,48,0
apache/kafka,2013-01-27,0,0,48,0
apache/kafka,2013-01-28,0,0,48,0
apache/kafka,2013-01-29,0,0,48,0
apache/kafka,2013-01-30,0,0,48,0
apache/kafka,2013-01-31,0,0,48,0
apache/kafka,2013-02-01,0,0,48,0
apache/kafka,2013-02-02,0,0,48,0
apache/kafka,2013-02-03,0,0,48,0
apache/kafka,2013-02-04,0,0,48,0
apache/kafka,2013-02-05,0,0,48,0
apache/kafka,2013-02-06,0,0,48,0
apache/kafka,2013-02-07,0,0,48,0
apache/kafka,2013-02-08,0,0,48,0
apache/kafka,2013-02-09,0,0,48,0
apache/kafka,2013-02-10,0,0,48,0
apache/kafka,2013-02-11,0,0,48,0
apache/kafka,2013-02-12,0,0,48,0
apache/kafka,2013-02-13,0,0,48,0
apache/kafka,2013-02-14,0,0,48,0
apache/kafka,2013-02-15,0,0,48,0
apache/kafka,2013-02-16,0,0,48,0
apache/kafka,2013-02-17,0,0,48,0
apache/kafka,2013-02-18,0,0,48,0
apache/kafka,2013-02-19,0,0,48,0
apache/kafka,2013-02-20,0,0,48,0
apache/kafka,2013-02-21,0,0,48,0
apache/kafka,2013-02-22,0,0,48,0
apache/kafka,2013-02-23,0,0,48,0
apache/kafka,2013-02-24,0,0,48,0
apache/kafka,2013-02-25,0,0,48,0
apache/kafka,2013-02-26,0,0,48,0
apache/kafka,2013-02-27,0,0,48,0
apache/kafka,2013-02-28,0,0,48,0
apache/kafka,2013-03-01,0,0,48,0
apache/kafka,2013-03-02,0,0,48,0
apache/kafka,2013-03-03,0,0,48,0
apache/kafka,2013-03-04,0,0,48,0
apache/kafka,2013-03-05,0,0,48,0
apache/kafka,2013-03-06,0,0,48,0
apache/kafka,2013-03-07,0,0,48,0
apache/kafka,2013-03-08,0,0,48,0
apache/kafka,2013-03-09,0,0,48,0
apache/kafka,2013-03-10,0,0,48,0
apache/kafka,2013-03-11,0,0,48,0
apache/kafka,2013-03-12,0,0,48,0
apache/kafka,2013-03-13,0,0,48,0
apache/kafka,2013-03-14,0,0,48,0
apache/kafka,2013-03-15,0,0,48,0
apache/kafka,2013-03-16,0,0,48,0
apache/kafka,2013-03-17,0,0,48,0
apache/kafka,2013-03-18,0,0,48,0
apache/kafka,2013-03-19,0,0,48,0
apache/kafka,2013-03-20,0,0,48,0
apache/kafka,2013-03-21,0,0,48,0
apache/kafka,2013-03-22,0,0,48,0
apache/kafka,2013-03-23,0,0,48,0
apache/kafka,2013-03-24,0,0,48,0
apache/kafka,2013-03-25,0,0,48,0
apache/kafka,2013-03-26,0,0,48,0
apache/kafka,2013-03-27,0,0,48,0
apache/kafka,2013-03-28,0,0,48,0
apache/kafka,2013-03-29,0,0,48,0
apache/kafka,2013-03-30,0,0,48,0
apache/kafka,2013-03-31,0,0,48,0
apache/kafka,2013-04-01,0,0,48,0
apache/kafka,2013-04-02,0,0,48,0
apache/kafka,2013-04-03,0,0,48,0
apache/kafka,2013-04-04,0,0,48,0
apache/kafka,2013-04-05,0,0,48,0
apache/kafka,2013-04-06,0,0,48,0
apache/kafka,2013-04-07,0,0,48,0
apache/kafka,2013-04-08,0,0,48,0
apache/kafka,2013-04-09,0,0,48,0
apache/kafka,2013-04-10,0,0,48,0
apache/kafka,2013-04-11,0,0,48,0
apache/kafka,2013-04-12,0,0,48,0
apache/kafka,2013-04-13,0,0,48,0
apache/kafka,2013-04-14,0,0,48,0
apache/kafka,2013-04-15,0,0,48,0
apache/kafka,2013-04-16,0,0,48,0
apache/kafka,2013-04-17,0,0,48,0
apache/kafka,2013-04-18,0,0,48,0
apache/kafka,2013-04-19,0,0,48,0
apache/kafka,2013-04-20,0,0,48,0
apache/kafka,2013-04-21,0,0,48,0
apache/kafka,2013-04-22,0,0,48,0
apache/kafka,2013-04-23,0,0,48,0
apache/kafka,2013-04-24,0,0,48,0
apache/kafka,2013-04-25,0,0,48,0
apache/kafka,2013-04-26,0,0,48,0
apache/kafka,2013-04-27,0,0,48,0
apache/kafka,2013-04-28,0,0,48,0
apache/kafka,2013-04-29,0,0,48,0
apache/kafka,2013-04-30,0,0,48,0
apache/kafka,2013-05-01,0,0,48,0
apache/kafka,2013-05-02,0,0,48,0
apache/kafka,2013-05-03,0,0,48,0
apache/kafka,2013-05-04,0,0,48,0
apache/kafka,2013-05-05,0,0,48,0
apache/kafka,2013-05-06,0,0,48,0
apache/kafka,2013-05-07,0,0,48,0
apache/kafka,2013-05-08,0,0,48,0
apache/kafka,2013-05-09,0,0,48,0
apache/kafka,2013-05-10,0,0,48,0
apache/kafka,2013-05-11,0,0,48,0
apache/kafka,2013-05-12,0,0,48,0
apache/kafka,2013-05-13,0,0,48,0
apache/kafka,2013-05-14,0,0,48,0
apache/kafka,2013-05-15,0,0,48,0
apache/kafka,2013-05-16,0,0,48,0
apache/kafka,2013-05-17,0,0,48,0
apache/kafka,2013-05-18,0,0,48,0
apache/kafka,2013-05-19,0,0,48,0
apache/kafka,2013-05-20,0,0,48,0
apache/kafka,2013-05-21,0,0,48,0
apache/kafka,2013-05-22,0,0,48,0
apache/kafka,2013-05-23,0,0,48,0
apache/kafka,2013-05-24,0,0,48,0
apache/kafka,2013-05-25,0,0,48,0
apache/kafka,2013-05-26,0,0,48,0
apache/kafka,2013-05-27,0,0,48,0
apache/kafka,2013-05-28,0,0,48,0
apache/kafka,2013-05-29,0,0,48,0
apache/kafka,2013-05-30,0,0,48,0
apache/kafka,2013-05-31,0,0,48,0
apache/kafka,2013-06-01,0,0,48,0
apache/kafka,2013-06-02,0,0,48,0
apache/kafka,2013-06-03,0,0,48,0
apache/kafka,2013-06-04,0,0,48,0
apache/kafka,2013-06-05,0,0,48,0
apache/kafka,2013-06-06,0,0,48,0
apache/kafka,2013-06-07,0,0,48,0
apache/kafka,2013-06-08,0,0,48,0
apache/kafka,2013-06-09,0,0,48,0
apache/kafka,2013-06-10,0,0,48,0
apache/kafka,2013-06-11,0,0,48,0
apache/kafka,2013-06-12,0,0,48,0
apache/kafka,2013-06-13,0,0,48,0
apache/kafka,2013-06-14,0,0,48,0
apache/kafka,2013-06-15,0,0,48,0
apache/kafka,2013-06-16,0,0,48,0
apache/kafka,2013-06-17,0,0,48,0
apache/kafka,2013-06-18,0,0,48,0
apache/kafka,2013-06-19,0,0,48,0
apache/kafka,2013-06-20,0,0,48,0
apache/kafka,2013-06-21,0,0,48,0
apache/kafka,2013-06-22,0,0,48,0
apache/kafka,2013-06-23,0,0,48,0
apache/kafka,2013-06-24,0,0,48,0
apache/kafka,2013-06-25,0,0,48,0
apache/kafka,2013-06-26,0,0,48,0
apache/kafka,2013-06-27,0,0,48,0
apache/kafka,2013-06-28,0,0,48,0
apache/kafka,2013-06-29,0,0,48,0
apache/kafka,2013-06-30,0,0,48,0
apache/kafka,2013-07-01,0,0,48,0
apache/kafka,2013-07-02,0,0,48,0
apache/kafka,2013-07-03,0,0,48,0
apache/kafka,2013-07-04,0,0,48,0
apache/kafka,2013-07-05,0,0,48,0
apache/kafka,2013-07-06,0,0,48,0
apache/kafka,2013-07-07,0,0,48,0
apache/kafka,2013-07-08,0,0,48,0
apache/kafka,2013-07-09,0,0,48,0
apache/kafka,2013-07-10,0,0,48,0
apache/kafka,2013-07-11,0,0,48,0
apache/kafka,2013-07-12,0,0,48,0
apache/kafka,2013-07-13,0,0,48,0
apache/kafka,2013-07-14,0,0,48,0
apache/kafka,2013-07-15,0,0,48,0
apache/kafka,2013-07-16,0,0,48,0
apache/kafka,2013-07-17,0,0,48,0
apache/kafka,2013-07-18,0,0,48,0
apache/kafka,2013-07-19,0,0,48,0
apache/kafka,2013-07-20,0,0,48,0
apache/kafka,2013-07-21,0,0,48,0
apache/kafka,2013-07-22,0,0,48,0
apache/kafka,2013-07-23,0,0,48,0
apache/kafka,2013-07-24,0,0,48,0
apache/kafka,2013-07-25,0,0,48,0
apache/kafka,2013-07-26,0,0,48,0
apache/kafka,2013-07-27,0,0,48,0
apache/kafka,2013-07-28,0,0,48,0
apache/kafka,2013-07-29,0,0,48,0
apache/kafka,2013-07-30,0,0,48,0
apache/kafka,2013-07-31,0,0,48,0
apache/kafka,2013-08-01,0,0,48,0
apache/kafka,2013-08-02,0,0,48,0
apache/kafka,2013-08-03,0,0,48,0
apache/kafka,2013-08-04,0,0,48,0
apache/kafka,2013-08-05,0,0,48,0
apache/kafka,2013-08-06,0,0,48,0
apache/kafka,2013-08-07,0,0,48,0
apache/kafka,2013-08-08,0,0,48,0
apache/kafka,2013-08-09,0,0,48,0
apache/kafka,2013-08-10,0,0,48,0
apache/kafka,2013-08-11,0,0,48,0
apache/kafka,2013-08-12,0,0,48,0
apache/kafka,2013-08-13,0,0,48,0
apache/kafka,2013-08-14,0,0,48,0
apache/kafka,2013-08-15,0,0,48,0
apache/kafka,2013-08-16,0,0,48,0
apache/kafka,2013-08-17,0,0,48,0
apache/kafka,2013-08-18,0,0,48,0
apache/kafka,2013-08-19,0,0,48,0
apache/kafka,2013-08-20,0,0,48,0
apache/kafka,2013-08-21,0,0,48,0
apache/kafka,2013-08-22,0,0,48,0
apache/kafka,2013-08-23,0,0,48,0
apache/kafka,2013-08-24,0,0,48,0
apache/kafka,2013-08-25,0,0,48,0
apache/kafka,2013-08-26,0,0,48,0
apache/kafka,2013-08-27,0,0,48,0
apache/kafka,2013-08-28,0,0,48,0
apache/kafka,2013-08-29,0,0,48,0
apache/kafka,2013-08-30,0,0,48,0
apache/kafka,2013-08-31,0,0,48,0
apache/kafka,2013-09-01,0,0,48,0
apache/kafka,2013-09-02,0,0,48,0
apache/kafka,2013-09-03,0,0,48,0
apache/kafka,2013-09-04,0,0,48,0
apache/kafka,2013-09-05,0,0,48,0
apache/kafka,2013-09-06,0,0,48,0
apache/kafka,2013-09-07,0,0,48,0
apache/kafka,2013-09-08,0,0,48,0
apache/kafka,2013-09-09,0,0,48,0
apache/kafka,2013-09-10,0,0,48,0
apache/kafka,2013-09-11,0,0,48,0
apache/kafka,2013-09-12,0,0,48,0
apache/kafka,2013-09-13,0,0,48,0
apache/kafka,2013-09-14,0,0,48,0
apache/kafka,2013-09-15,0,0,48,0
apache/kafka,2013-09-16,0,0,48,0
apache/kafka,2013-09-17,0,0,48,0
apache/kafka,2013-09-18,0,0,48,0
apache/kafka,2013-09-19,0,0,48,0
apache/kafka,2013-09-20,0,0,48,0
apache/kafka,2013-09-21,0,0,48,0
apache/kafka,2013-09-22,0,0,48,0
apache/kafka,2013-09-23,0,0,48,0
apache/kafka,2013-09-24,0,0,48,0
apache/kafka,2013-09-25,0,0,48,0
apache/kafka,2013-09-26,0,0,48,0
apache/kafka,2013-09-27,0,0,48,0
apache/kafka,2013-09-28,0,0,48,0
apache/kafka,2013-09-29,0,0,48,0
apache/kafka,2013-09-30,0,0,48,0
apache/kafka,2013-10-01,0,0,48,0
apache/kafka,2013-10-02,0,0,48,0
apache/kafka,2013-10-03,0,0,48,0
apache/kafka,2013-10-04,0,0,48,0
apache/kafka,2013-10-05,0,0,48,0
apache/kafka,2013-10-06,0,0,48,0
apache/kafka,2013-10-07,0,0,48,0
apache/kafka,2013-10-08,0,0,48,0
apache/kafka,2013-10-09,0,0,48,0
apache/kafka,2013-10-10,0,0,48,0
apache/kafka,2013-10-11,0,0,48,0
apache/kafka,2013-10-12,0,0,48,0
apache/kafka,2013-10-13,0,0,48,0
apache/kafka,2013-10-14,0,0,48,0
apache/kafka,2013-10-15,0,0,48,0
apache/kafka,2013-10-16,0,0,48,0
apache/kafka,2013-10-17,0,0,48,0
apache/kafka,2013-10-18,0,0,48,0
apache/kafka,2013-10-19,0,0,48,0
apache/kafka,2013-10-20,0,0,48,0
apache/kafka,2013-10-21,0,0,48,0
apache/kafka,2013-10-22,0,0,48,0
apache/kafka,2013-10-23,0,0,48,0
apache/kafka,2013-10-24,0,0,48,0
apache/kafka,2013-10-25,0,0,48,0
apache/kafka,2013-10-26,0,0,48,0
apache/kafka,2013-10-27,0,0,48,0
apache/kafka,2013-10-28,0,0,48,0
apache/kafka,2013-10-29,0,0,48,0
apache/kafka,2013-10-30,0,0,48,0
apache/kafka,2013-10-31,0,0,48,0
apache/kafka,2013-11-01,0,0,48,0
apache/kafka,2013-11-02,0,0,48,0
apache/kafka,2013-11-03,0,0,48,0
apache/kafka,2013-11-04,0,0,48,0
apache/kafka,2013-11-05,0,0,48,0
apache/kafka,2013-11-06,0,0,48,0
apache/kafka,2013-11-07,0,0,48,0
apache/kafka,2013-11-08,0,0,48,0
apache/kafka,2013-11-09,0,0,48,0
apache/kafka,2013-11-10,0,0,48,0
apache/kafka,2013-11-11,0,0,48,0
apache/kafka,2013-11-12,0,0,48,0
apache/kafka,2013-11-13,0,0,48,0
apache/kafka,2013-11-14,0,0,48,0
apache/kafka,2013-11-15,0,0,48,0
apache/kafka,2013-11-16,0,0,48,0
apache/kafka,2013-11-17,0,0,48,0
apache/kafka,2013-11-18,0,0,48,0
apache/kafka,2013-11-19,0,0,48,0
apache/kafka,2013-11-20,0,0,48,0
apache/kafka,2013-11-21,0,0,48,0
apache/kafka,2013-11-22,0,0,48,0
apache/kafka,2013-11-23,0,0,48,0
apache/kafka,2013-11-24,0,0,48,0
apache/kafka,2013-11-25,0,0,48,0
apache/kafka,2013-11-26,0,0,48,0
apache/kafka,2013-11-27,0,0,48,0
apache/kafka,2013-11-28,0,0,48,0
apache/kafka,2013-11-29,0,0,48,0
apache/kafka,2013-11-30,0,0,48,0
apache/kafka,2013-12-01,0,0,48,0
apache/kafka,2013-12-02,0,0,48,0
apache/kafka,2013-12-03,0,0,48,0
apache/kafka,2013-12-04,0,0,48,0
apache/kafka,2013-12-05,0,0,48,0
apache/kafka,2013-12-06,0,0,48,0
apache/kafka,2013-12-07,0,0,48,0
apache/kafka,2013-12-08,0,0,48,0
apache/kafka,2013-12-09,0,0,48,0
apache/kafka,2013-12-10,0,0,48,0
apache/kafka,2013-12-11,0,0,48,0
apache/kafka,2013-12-12,0,0,48,0
apache/kafka,2013-12-13,0,0,48,0
apache/kafka,2013-12-14,0,0,48,0
apache/kafka,2013-12-15,0,0,48,0
apache/kafka,2013-12-16,0,0,48,0
apache/kafka,2013-12-17,0,0,48,0
apache/kafka,2013-12-18,0,0,48,0
apache/kafka,2013-12-19,0,0,48,0
apache/kafka,2013-12-20,0,0,48,0
apache/kafka,2013-12-21,0,0,48,0
apache/kafka,2013-12-22,0,0,48,0
apache/kafka,2013-12-23,0,0,48,0
apache/kafka,2013-12-24,0,0,48,0
apache/kafka,2013-12-25,0,0,48,0
apache/kafka,2013-12-26,0,0,48,0
apache/kafka,2013-12-27,0,0,48,0
apache/kafka,2013-12-28,0,0,48,0
apache/kafka,2013-12-29,0,0,48,0
apache/kafka,2013-12-30,0,0,48,0
apache/kafka,2013-12-31,0,0,48,0
apache/kafka,2014-01-01,0,0,48,0
apache/kafka,2014-01-02,0,0,48,0
apache/kafka,2014-01-03,0,0,48,0
apache/kafka,2014-01-04,0,0,48,0
apache/kafka,2014-01-05,0,0,48,0
apache/kafka,2014-01-06,0,0,48,0
apache/kafka,2014-01-07,0,0,48,0
apache/kafka,2014-01-08,0,0,48,0
apache/kafka,2014-01-09,0,0,48,0
apache/kafka,2014-01-10,0,0,48,0
apache/kafka,2014-01-11,0,0,48,0
apache/kafka,2014-01-12,0,0,48,0
apache/kafka,2014-01-13,0,0,48,0
apache/kafka,2014-01-14,0,0,48,0
apache/kafka,2014-01-15,0,0,48,0
apache/kafka,2014-01-16,0,0,48,0
apache/kafka,2014-01-17,0,0,48,0
apache/kafka,2014-01-18,0,0,48,0
apache/kafka,2014-01-19,0,0,48,0
apache/kafka,2014-01-20,0,0,48,0
apache/kafka,2014-01-21,0,0,48,0
apache/kafka,2014-01-22,0,0,48,0
apache/kafka,2014-01-23,0,0,48,0
apache/kafka,2014-01-24,0,0,48,0
apache/kafka,2014-01-25,0,0,48,0
apache/kafka,2014-01-26,0,0,48,0
apache/kafka,2014-01-27,0,0,48,0
apache/kafka,2014-01-28,0,0,48,0
apache/kafka,2014-01-29,0,0,48,0
apache/kafka,2014-01-30,0,0,48,0
apache/kafka,2014-01-31,0,0,48,0
apache/kafka,2014-02-01,0,0,48,0
apache/kafka,2014-02-02,0,0,48,0
apache/kafka,2014-02-03,0,0,48,0
apache/kafka,2014-02-04,0,0,48,0
apache/kafka,2014-02-05,0,0,48,0
apache/kafka,2014-02-06,0,0,48,0
apache/kafka,2014-02-07,0,0,48,0
apache/kafka,2014-02-08,0,0,48,0
apache/kafka,2014-02-09,0,0,48,0
apache/kafka,2014-02-10,0,0,48,0
apache/kafka,2014-02-11,0,0,48,0
apache/kafka,2014-02-12,0,0,48,0
apache/kafka,2014-02-13,0,0,48,0
apache/kafka,2014-02-14,0,0,48,0
apache/kafka,2014-02-15,0,0,48,0
apache/kafka,2014-02-16,0,0,48,0
apache/kafka,2014-02-17,0,0,48,0
apache/kafka,2014-02-18,0,0,48,0
apache/kafka,2014-02-19,0,0,48,0
apache/kafka,2014-02-20,0,0,48,0
apache/kafka,2014-02-21,0,0,48,0
apache/kafka,2014-02-22,0,0,48,0
apache/kafka,2014-02-23,0,0,48,0
apache/kafka,2014-02-24,0,0,48,0
apache/kafka,2014-02-25,0,0,48,0
apache/kafka,2014-02-26,0,0,48,0
apache/kafka,2014-02-27,0,0,48,0
apache/kafka,2014-02-28,0,0,48,0
apache/kafka,2014-03-01,0,0,48,0
apache/kafka,2014-03-02,0,0,48,0
apache/kafka,2014-03-03,0,0,48,0
apache/kafka,2014-03-04,0,0,48,0
apache/kafka,2014-03-05,0,0,48,0
apache/kafka,2014-03-06,0,0,48,0
apache/kafka,2014-03-07,0,0,48,0
apache/kafka,2014-03-08,0,0,48,0
apache/kafka,2014-03-09,0,0,48,0
apache/kafka,2014-03-10,0,0,48,0
apache/kafka,2014-03-11,0,0,48,0
apache/kafka,2014-03-12,0,0,48,0
apache/kafka,2014-03-13,0,0,48,0
apache/kafka,2014-03-14,0,0,48,0
apache/kafka,2014-03-15,0,0,48,0
apache/kafka,2014-03-16,0,0,48,0
apache/kafka,2014-03-17,0,0,48,0
apache/kafka,2014-03-18,0,0,48,0
apache/kafka,2014-03-19,0,0,48,0
apache/kafka,2014-03-20,0,0,48,0
apache/kafka,2014-03-21,0,0,48,0
apache/kafka,2014-03-22,0,0,48,0
apache/kafka,2014-03-23,0,0,48,0
apache/kafka,2014-03-24,0,0,48,0
apache/kafka,2014-03-25,0,0,48,0
apache/kafka,2014-03-26,0,0,48,0
apache/kafka,2014-03-27,0,0,48,0
apache/kafka,2014-03-28,0,0,48,0
apache/kafka,2014-03-29,0,0,48,0
apache/kafka,2014-03-30,0,0,48,0
apache/kafka,2014-03-31,0,0,48,0
apache/kafka,2014-04-01,0,0,48,0
apache/kafka,2014-04-02,0,0,48,0
apache/kafka,2014-04-03,0,0,48,0
apache/kafka,2014-04-04,0,0,48,0
apache/kafka,2014-04-05,0,0,48,0
apache/kafka,2014-04-06,0,0,48,0
apache/kafka,2014-04-07,0,0,48,0
apache/kafka,2014-04-08,0,0,48,0
apache/kafka,2014-04-09,0,0,48,0
apache/kafka,2014-04-10,0,0,48,0
apache/kafka,2014-04-11,0,0,48,0
apache/kafka,2014-04-12,0,0,48,0
apache/kafka,2014-04-13,0,0,48,0
apache/kafka,2014-04-14,0,0,48,0
apache/kafka,2014-04-15,0,0,48,0
apache/kafka,2014-04-16,0,0,48,0
apache/kafka,2014-04-17,0,0,48,0
apache/kafka,2014-04-18,0,0,48,0
apache/kafka,2014-04-19,0,0,48,0
apache/kafka,2014-04-20,0,0,48,0
apache/kafka,2014-04-21,0,0,48,0
apache/kafka,2014-04-22,0,0,48,0
apache/kafka,2014-04-23,0,0,48,0
apache/kafka,2014-04-24,0,0,48,0
apache/kafka,2014-04-25,0,0,48,0
apache/kafka,2014-04-26,0,0,48,0
apache/kafka,2014-04-27,0,0,48,0
apache/kafka,2014-04-28,0,0,48,0
apache/kafka,2014-04-29,0,0,48,0
apache/kafka,2014-04-30,0,0,48,0
apache/kafka,2014-05-01,0,0,48,0
apache/kafka,2014-05-02,0,0,48,0
apache/kafka,2014-05-03,0,0,48,0
apache/kafka,2014-05-04,0,0,48,0
apache/kafka,2014-05-05,0,0,48,0
apache/kafka,2014-05-06,0,0,48,0
apache/kafka,2014-05-07,0,0,48,0
apache/kafka,2014-05-08,0,0,48,0
apache/kafka,2014-05-09,0,0,48,0
apache/kafka,2014-05-10,0,0,48,0
apache/kafka,2014-05-11,0,0,48,0
apache/kafka,2014-05-12,0,0,48,0
apache/kafka,2014-05-13,0,0,48,0
apache/kafka,2014-05-14,0,0,48,0
apache/kafka,2014-05-15,0,0,48,0
apache/kafka,2014-05-16,0,0,48,0
apache/kafka,2014-05-17,0,0,48,0
apache/kafka,2014-05-18,0,0,48,0
apache/kafka,2014-05-19,0,0,48,0
apache/kafka,2014-05-20,0,0,48,0
apache/kafka,2014-05-21,0,0,48,0
apache/kafka,2014-05-22,0,0,48,0
apache/kafka,2014-05-23,0,0,48,0
apache/kafka,2014-05-24,0,0,48,0
apache/kafka,2014-05-25,0,0,48,0
apache/kafka,2014-05-26,0,0,48,0
apache/kafka,2014-05-27,0,0,48,0
apache/kafka,2014-05-28,0,0,48,0
apache/kafka,2014-05-29,0,0,48,0
apache/kafka,2014-05-30,0,0,48,0
apache/kafka,2014-05-31,0,0,48,0
apache/kafka,2014-06-01,0,0,48,0
apache/kafka,2014-06-02,0,0,48,0
apache/kafka,2014-06-03,0,0,48,0
apache/kafka,2014-06-04,0,0,48,0
apache/kafka,2014-06-05,0,0,48,0
apache/kafka,2014-06-06,0,0,48,0
apache/kafka,2014-06-07,0,0,48,0
apache/kafka,2014-06-08,0,0,48,0
apache/kafka,2014-06-09,0,0,48,0
apache/kafka,2014-06-10,0,0,48,0
apache/kafka,2014-06-11,0,0,48,0
apache/kafka,2014-06-12,0,0,48,0
apache/kafka,2014-06-13,0,0,48,0
apache/kafka,2014-06-14,0,0,48,0
apache/kafka,2014-06-15,0,0,48,0
apache/kafka,2014-06-16,0,0,48,0
apache/kafka,2014-06-17,0,0,48,0
apache/kafka,2014-06-18,0,0,48,0
apache/kafka,2014-06-19,0,0,48,0
apache/kafka,2014-06-20,0,0,48,0
apache/kafka,2014-06-21,0,0,48,0
apache/kafka,2014-06-22,0,0,48,0
apache/kafka,2014-06-23,0,0,48,0
apache/kafka,2014-06-24,0,0,48,0
apache/kafka,2014-06-25,0,0,48,0
apache/kafka,2014-06-26,0,0,48,0
apache/kafka,2014-06-27,0,0,48,0
apache/kafka,2014-06-28,0,0,48,0
apache/kafka,2014-06-29,0,0,48,0
apache/kafka,2014-06-30,0,0,48,0
apache/kafka,2014-07-01,0,0,48,0
apache/kafka,2014-07-02,0,0,48,0
apache/kafka,2014-07-03,0,0,48,0
apache/kafka,2014-07-04,0,0,48,0
apache/kafka,2014-07-05,0,0,48,0
apache/kafka,2014-07-06,0,0,48,0
apache/kafka,2014-07-07,0,0,48,0
apache/kafka,2014-07-08,0,0,48,0
apache/kafka,2014-07-09,0,0,48,0
apache/kafka,2014-07-10,0,0,48,0
apache/kafka,2014-07-11,0,0,48,0
apache/kafka,2014-07-12,0,0,48,0
apache/kafka,2014-07-13,0,0,48,0
apache/kafka,2014-07-14,0,0,48,0
apache/kafka,2014-07-15,0,0,48,0
apache/kafka,2014-07-16,0,0,48,0
apache/kafka,2014-07-17,0,0,48,0
apache/kafka,2014-07-18,0,0,48,0
apache/kafka,2014-07-19,0,0,48,0
apache/kafka,2014-07-20,0,0,48,0
apache/kafka,2014-07-21,0,0,48,0
apache/kafka,2014-07-22,0,0,48,0
apache/kafka,2014-07-23,0,0,48,0
apache/kafka,2014-07-24,0,0,48,0
apache/kafka,2014-07-25,0,0,48,0
apache/kafka,2014-07-26,0,0,48,0
apache/kafka,2014-07-27,0,0,48,0
apache/kafka,2014-07-28,0,0,48,0
apache/kafka,2014-07-29,0,0,48,0
apache/kafka,2014-07-30,0,0,48,0
apache/kafka,2014-07-31,0,0,48,0
apache/kafka,2014-08-01,0,0,48,0
apache/kafka,2014-08-02,0,0,48,0
apache/kafka,2014-08-03,0,0,48,0
apache/kafka,2014-08-04,0,0,48,0
apache/kafka,2014-08-05,0,0,48,0
apache/kafka,2014-08-06,0,0,48,0
apache/kafka,2014-08-07,0,0,48,0
apache/kafka,2014-08-08,0,0,48,0
apache/kafka,2014-08-09,0,0,48,0
apache/kafka,2014-08-10,0,0,48,0
apache/kafka,2014-08-11,0,0,48,0
apache/kafka,2014-08-12,0,0,48,0
apache/kafka,2014-08-13,0,0,48,0
apache/kafka,2014-08-14,0,0,48,0
apache/kafka,2014-08-15,0,0,48,0
apache/kafka,2014-08-16,0,0,48,0
apache/kafka,2014-08-17,0,0,48,0
apache/kafka,2014-08-18,0,0,48,0
apache/kafka,2014-08-19,0,0,48,0
apache/kafka,2014-08-20,0,0,48,0
apache/kafka,2014-08-21,0,0,48,0
apache/kafka,2014-08-22,0,0,48,0
apache/kafka,2014-08-23,0,0,48,0
apache/kafka,2014-08-24,0,0,48,0
apache/kafka,2014-08-25,0,0,48,0
apache/kafka,2014-08-26,0,0,48,0
apache/kafka,2014-08-27,0,0,48,0
apache/kafka,2014-08-28,0,0,48,0
apache/kafka,2014-08-29,0,0,48,0
apache/kafka,2014-08-30,0,0,48,0
apache/kafka,2014-08-31,0,0,48,0
apache/kafka,2014-09-01,0,0,48,0
apache/kafka,2014-09-02,0,0,48,0
apache/kafka,2014-09-03,0,0,48,0
apache/kafka,2014-09-04,0,0,48,0
apache/kafka,2014-09-05,0,0,48,0
apache/kafka,2014-09-06,0,0,48,0
apache/kafka,2014-09-07,0,0,48,0
apache/kafka,2014-09-08,0,0,48,0
apache/kafka,2014-09-09,0,0,48,0
apache/kafka,2014-09-10,0,0,48,0
apache/kafka,2014-09-11,0,0,48,0
apache/kafka,2014-09-12,0,0,48,0
apache/kafka,2014-09-13,0,0,48,0
apache/kafka,2014-09-14,0,0,48,0
apache/kafka,2014-09-15,0,0,48,0
apache/kafka,2014-09-16,0,0,48,0
apache/kafka,2014-09-17,0,0,48,0
apache/kafka,2014-09-18,0,0,48,0
apache/kafka,2014-09-19,0,0,48,0
apache/kafka,2014-09-20,0,0,48,0
apache/kafka,2014-09-21,0,0,48,0
apache/kafka,2014-09-22,0,0,48,0
apache/kafka,2014-09-23,0,0,48,0
apache/kafka,2014-09-24,0,0,48,0
apache/kafka,2014-09-25,0,0,48,0
apache/kafka,2014-09-26,0,0,48,0
apache/kafka,2014-09-27,0,0,48,0
apache/kafka,2014-09-28,0,0,48,0
apache/kafka,2014-09-29,0,0,48,0
apache/kafka,2014-09-30,0,0,48,0
apache/kafka,2014-10-01,0,0,48,0
apache/kafka,2014-10-02,0,0,48,0
apache/kafka,2014-10-03,0,0,48,0
apache/kafka,2014-10-04,0,0,48,0
apache/kafka,2014-10-05,0,0,48,0
apache/kafka,2014-10-06,0,0,48,0
apache/kafka,2014-10-07,0,0,48,0
apache/kafka,2014-10-08,0,0,48,0
apache/kafka,2014-10-09,0,0,48,0
apache/kafka,2014-10-10,0,0,48,0
apache/kafka,2014-10-11,0,0,48,0
apache/kafka,2014-10-12,0,0,48,0
apache/kafka,2014-10-13,0,0,48,0
apache/kafka,2014-10-14,0,0,48,0
apache/kafka,2014-10-15,0,0,48,0
apache/kafka,2014-10-16,0,0,48,0
apache/kafka,2014-10-17,0,0,48,0
apache/kafka,2014-10-18,0,0,48,0
apache/kafka,2014-10-19,0,0,48,0
apache/kafka,2014-10-20,0,0,48,0
apache/kafka,2014-10-21,0,0,48,0
apache/kafka,2014-10-22,0,0,48,0
apache/kafka,2014-10-23,0,0,48,0
apache/kafka,2014-10-24,0,0,48,0
apache/kafka,2014-10-25,0,0,48,0
apache/kafka,2014-10-26,0,0,48,0
apache/kafka,2014-10-27,0,0,48,0
apache/kafka,2014-10-28,0,0,48,0
apache/kafka,2014-10-29,0,0,48,0
apache/kafka,2014-10-30,0,0,48,0
apache/kafka,2014-10-31,0,0,48,0
apache/kafka,2014-11-01,0,0,48,0
apache/kafka,2014-11-02,0,0,48,0
apache/kafka,2014-11-03,0,0,48,0
apache/kafka,2014-11-04,0,0,48,0
apache/kafka,2014-11-05,0,0,48,0
apache/kafka,2014-11-06,0,0,48,0
apache/kafka,2014-11-07,0,0,48,0
apache/kafka,2014-11-08,0,0,48,0
apache/kafka,2014-11-09,0,0,48,0
apache/kafka,2014-11-10,0,0,48,0
apache/kafka,2014-11-11,0,0,48,0
apache/kafka,2014-11-12,0,0,48,0
apache/kafka,2014-11-13,0,0,48,0
apache/kafka,2014-11-14,0,0,48,0
apache/kafka,2014-11-15,0,0,48,0
apache/kafka,2014-11-16,0,0,48,0
apache/kafka,2014-11-17,0,0,48,0
apache/kafka,2014-11-18,0,0,48,0
apache/kafka,2014-11-19,0,0,48,0
apache/kafka,2014-11-20,0,0,48,0
apache/kafka,2014-11-21,0,0,48,0
apache/kafka,2014-11-22,0,0,48,0
apache/kafka,2014-11-23,0,0,48,0
apache/kafka,2014-11-24,0,0,48,0
apache/kafka,2014-11-25,0,0,48,0
apache/kafka,2014-11-26,0,0,48,0
apache/kafka,2014-11-27,0,0,48,0
apache/kafka,2014-11-28,0,0,48,0
apache/kafka,2014-11-29,0,0,48,0
apache/kafka,2014-11-30,0,0,48,0
apache/kafka,2014-12-01,0,0,48,0
apache/kafka,2014-12-02,0,0,48,0
apache/kafka,2014-12-03,0,0,48,0
apache/kafka,2014-12-04,0,0,48,0
apache/kafka,2014-12-05,0,0,48,0
apache/kafka,2014-12-06,0,0,48,0
apache/kafka,2014-12-07,0,0,48,0
apache/kafka,2014-12-08,0,0,48,0
apache/kafka,2014-12-09,0,0,48,0
apache/kafka,2014-12-10,0,0,48,0
apache/kafka,2014-12-11,0,0,48,0
apache/kafka,2014-12-12,0,0,48,0
apache/kafka,2014-12-13,0,0,48,0
apache/kafka,2014-12-14,0,0,48,0
apache/kafka,2014-12-15,0,0,48,0
apache/kafka,2014-12-16,0,0,48,0
apache/kafka,2014-12-17,0,0,48,0
apache/kafka,2014-12-18,0,0,48,0
apache/kafka,2014-12-19,0,0,48,0
apache/kafka,2014-12-20,0,0,48,0
apache/kafka,2014-12-21,0,0,48,0
apache/kafka,2014-12-22,0,0,48,0
apache/kafka,2014-12-23,0,0,48,0
apache/kafka,2014-12-24,0,0,48,0
apache/kafka,2014-12-25,0,0,48,0
apache/kafka,2014-12-26,0,0,48,0
apache/kafka,2014-12-27,0,0,48,0
apache/kafka,2014-12-28,0,0,48,0
apache/kafka,2014-12-29,0,0,48,0
apache/kafka,2014-12-30,0,0,48,0
apache/kafka,2014-12-31,0,0,48,0
apache/kafka,2015-01-01,4,0,52,0
apache/kafka,2015-01-02,2,0,54,0
apache/kafka,2015-01-03,1,0,55,0
apache/kafka,2015-01-04,0,0,55,0
apache/kafka,2015-01-05,2,0,57,0
apache/kafka,2015-01-06,2,0,59,0
apache/kafka,2015-01-07,0,0,59,0
apache/kafka,2015-01-08,1,0,60,0
apache/kafka,2015-01-09,0,0,60,0
apache/kafka,2015-01-10,1,0,61,0
apache/kafka,2015-01-11,0,0,61,0
apache/kafka,2015-01-12,1,0,62,0
apache/kafka,2015-01-13,7,0,69,0
apache/kafka,2015-01-14,1,1,70,1
apache/kafka,2015-01-15,2,1,72,2
apache/kafka,2015-01-16,4,0,76,2
apache/kafka,2015-01-17,4,0,80,2
apache/kafka,2015-01-18,0,0,80,2
apache/kafka,2015-01-19,3,0,83,2
apache/kafka,2015-01-20,2,0,85,2
apache/kafka,2015-01-21,5,0,90,2
apache/kafka,2015-01-22,2,0,92,2
apache/kafka,2015-01-23,4,0,96,2
apache/kafka,2015-01-24,4,0,100,2
apache/kafka,2015-01-25,0,0,100,2
apache/kafka,2015-01-26,3,0,103,2
apache/kafka,2015-01-27,3,0,106,2
apache/kafka,2015-01-28,3,0,109,2
apache/kafka,2015-01-29,7,0,116,2
apache/kafka,2015-01-30,5,0,121,2
apache/kafka,2015-01-31,1,0,122,2
apache/kafka,2015-02-01,1,0,123,2
apache/kafka,2015-02-02,4,0,127,2
apache/kafka,2015-02-03,6,0,133,2
apache/kafka,2015-02-04,1,0,134,2
apache/kafka,2015-02-05,6,0,140,2
apache/kafka,2015-02-06,5,0,145,2
apache/kafka,2015-02-07,3,0,148,2
apache/kafka,2015-02-08,5,1,153,3
apache/kafka,2015-02-09,4,0,157,3
apache/kafka,2015-02-10,7,0,164,3
apache/kafka,2015-02-11,5,0,169,3
apache/kafka,2015-02-12,5,0,174,3
apache/kafka,2015-02-13,4,0,178,3
apache/kafka,2015-02-14,0,0,178,3
apache/kafka,2015-02-15,0,0,178,3
apache/kafka,2015-02-16,2,0,180,3
apache/kafka,2015-02-17,2,1,182,4
apache/kafka,2015-02-18,4,0,186,4
apache/kafka,2015-02-19,2,0,188,4
apache/kafka,2015-02-20,2,0,190,4
apache/kafka,2015-02-21,1,0,191,4
apache/kafka,2015-02-22,1,3,192,7
apache/kafka,2015-02-23,0,3,192,10
apache/kafka,2015-02-24,2,0,194,10
apache/kafka,2015-02-25,3,0,197,10
apache/kafka,2015-02-26,5,0,202,10
apache/kafka,2015-02-27,5,0,207,10
apache/kafka,2015-02-28,2,0,209,10
apache/kafka,2015-03-01,1,0,210,10
apache/kafka,2015-03-02,3,0,213,10
apache/kafka,2015-03-03,7,0,220,10
apache/kafka,2015-03-04,3,0,223,10
apache/kafka,2015-03-05,2,0,225,10
apache/kafka,2015-03-06,2,0,227,10
apache/kafka,2015-03-07,0,0,227,10
apache/kafka,2015-03-08,2,0,229,10
apache/kafka,2015-03-09,2,0,231,10
apache/kafka,2015-03-10,6,0,237,10
apache/kafka,2015-03-11,3,0,240,10
apache/kafka,2015-03-12,2,0,242,10
apache/kafka,2015-03-13,8,0,250,10
apache/kafka,2015-03-14,3,0,253,10
apache/kafka,2015-03-15,7,0,260,10
apache/kafka,2015-03-16,6,0,266,10
apache/kafka,2015-03-17,7,0,273,10
apache/kafka,2015-03-18,3,0,276,10
apache/kafka,2015-03-19,4,0,280,10
apache/kafka,2015-03-20,5,1,285,11
apache/kafka,2015-03-21,2,0,287,11
apache/kafka,2015-03-22,2,0,289,11
apache/kafka,2015-03-23,2,0,291,11
apache/kafka,2015-03-24,6,1,297,12
apache/kafka,2015-03-25,4,0,301,12
apache/kafka,2015-03-26,2,0,303,12
apache/kafka,2015-03-27,6,0,309,12
apache/kafka,2015-03-28,1,0,310,12
apache/kafka,2015-03-29,4,0,314,12
apache/kafka,2015-03-30,10,1,324,13
apache/kafka,2015-03-31,4,0,328,13
apache/kafka,2015-04-01,3,0,331,13
apache/kafka,2015-04-02,5,0,336,13
apache/kafka,2015-04-03,3,0,339,13
apache/kafka,2015-04-04,4,0,343,13
apache/kafka,2015-04-05,2,0,345,13
apache/kafka,2015-04-06,2,1,347,14
apache/kafka,2015-04-07,4,0,351,14
apache/kafka,2015-04-08,7,0,358,14
apache/kafka,2015-04-09,6,0,364,14
apache/kafka,2015-04-10,5,0,369,14
apache/kafka,2015-04-11,2,0,371,14
apache/kafka,2015-04-12,0,0,371,14
apache/kafka,2015-04-13,12,0,383,14
apache/kafka,2015-04-14,5,0,388,14
apache/kafka,2015-04-15,7,0,395,14
apache/kafka,2015-04-16,2,0,397,14
apache/kafka,2015-04-17,2,0,399,14
apache/kafka,2015-04-18,2,0,401,14
apache/kafka,2015-04-19,0,0,401,14
apache/kafka,2015-04-20,4,0,405,14
apache/kafka,2015-04-21,4,1,409,15
apache/kafka,2015-04-22,3,0,412,15
apache/kafka,2015-04-23,4,0,416,15
apache/kafka,2015-04-24,0,0,416,15
apache/kafka,2015-04-25,2,1,418,16
apache/kafka,2015-04-26,2,0,420,16
apache/kafka,2015-04-27,4,2,424,18
apache/kafka,2015-04-28,5,0,429,18
apache/kafka,2015-04-29,3,0,432,18
apache/kafka,2015-04-30,5,1,437,19
apache/kafka,2015-05-01,3,1,440,20
apache/kafka,2015-05-02,0,0,440,20
apache/kafka,2015-05-03,2,0,442,20
apache/kafka,2015-05-04,3,0,445,20
apache/kafka,2015-05-05,5,0,450,20
apache/kafka,2015-05-06,7,0,457,20
apache/kafka,2015-05-07,7,1,464,21
apache/kafka,2015-05-08,0,0,464,21
apache/kafka,2015-05-09,1,0,465,21
apache/kafka,2015-05-10,4,1,469,22
apache/kafka,2015-05-11,3,0,472,22
apache/kafka,2015-05-12,6,2,478,24
apache/kafka,2015-05-13,4,0,482,24
apache/kafka,2015-05-14,6,1,488,25
apache/kafka,2015-05-15,4,1,492,26
apache/kafka,2015-05-16,1,0,493,26
apache/kafka,2015-05-17,1,0,494,26
apache/kafka,2015-05-18,6,0,500,26
apache/kafka,2015-05-19,4,0,504,26
apache/kafka,2015-05-20,7,0,511,26
apache/kafka,2015-05-21,5,0,516,26
apache/kafka,2015-05-22,4,0,520,26
apache/kafka,2015-05-23,0,0,520,26
apache/kafka,2015-05-24,3,0,523,26
apache/kafka,2015-05-25,4,0,527,26
apache/kafka,2015-05-26,6,0,533,26
apache/kafka,2015-05-27,5,0,538,26
apache/kafka,2015-05-28,4,0,542,26
apache/kafka,2015-05-29,3,1,545,27
apache/kafka,2015-05-30,4,0,549,27
apache/kafka,2015-05-31,3,0,552,27
apache/kafka,2015-06-01,5,0,557,27
apache/kafka,2015-06-02,9,0,566,27
apache/kafka,2015-06-03,5,0,571,27
apache/kafka,2015-06-04,5,0,576,27
apache/kafka,2015-06-05,5,0,581,27
apache/kafka,2015-06-06,2,0,583,27
apache/kafka,2015-06-07,3,0,586,27
apache/kafka,2015-06-08,4,1,590,28
apache/kafka,2015-06-09,2,0,592,28
apache/kafka,2015-06-10,3,0,595,28
apache/kafka,2015-06-11,3,0,598,28
apache/kafka,2015-06-12,6,0,604,28
apache/kafka,2015-06-13,2,1,606,29
apache/kafka,2015-06-14,0,0,606,29
apache/kafka,2015-06-15,7,0,613,29
apache/kafka,2015-06-16,5,1,618,30
apache/kafka,2015-06-17,4,0,622,30
apache/kafka,2015-06-18,3,0,625,30
apache/kafka,2015-06-19,5,1,630,31
apache/kafka,2015-06-20,5,0,635,31
apache/kafka,2015-06-21,3,0,638,31
apache/kafka,2015-06-22,2,0,640,31
apache/kafka,2015-06-23,2,0,642,31
apache/kafka,2015-06-24,6,0,648,31
apache/kafka,2015-06-25,8,0,656,31
apache/kafka,2015-06-26,2,0,658,31
apache/kafka,2015-06-27,1,0,659,31
apache/kafka,2015-06-28,1,0,660,31
apache/kafka,2015-06-29,3,0,663,31
apache/kafka,2015-06-30,5,0,668,31
apache/kafka,2015-07-01,5,0,673,31
apache/kafka,2015-07-02,3,0,676,31
apache/kafka,2015-07-03,6,0,682,31
apache/kafka,2015-07-04,2,0,684,31
apache/kafka,2015-07-05,3,0,687,31
apache/kafka,2015-07-06,2,0,689,31
apache/kafka,2015-07-07,4,1,693,32
apache/kafka,2015-07-08,2,0,695,32
apache/kafka,2015-07-09,4,1,699,33
apache/kafka,2015-07-10,4,0,703,33
apache/kafka,2015-07-11,1,0,704,33
apache/kafka,2015-07-12,5,0,709,33
apache/kafka,2015-07-13,5,0,714,33
apache/kafka,2015-07-14,3,3,717,36
apache/kafka,2015-07-15,7,2,724,38
apache/kafka,2015-07-16,5,3,729,41
apache/kafka,2015-07-17,5,3,734,44
apache/kafka,2015-07-18,1,1,735,45
apache/kafka,2015-07-19,2,1,737,46
apache/kafka,2015-07-20,5,3,742,49
apache/kafka,2015-07-21,5,2,747,51
apache/kafka,2015-07-22,6,1,753,52
apache/kafka,2015-07-23,4,3,757,55
apache/kafka,2015-07-24,3,3,760,58
apache/kafka,2015-07-25,2,0,762,58
apache/kafka,2015-07-26,0,0,762,58
apache/kafka,2015-07-27,2,1,764,59
apache/kafka,2015-07-28,7,0,771,59
apache/kafka,2015-07-29,3,3,774,62
apache/kafka,2015-07-30,8,0,782,62
apache/kafka,2015-07-31,3,0,785,62
apache/kafka,2015-08-01,3,0,788,62
apache/kafka,2015-08-02,2,1,790,63
apache/kafka,2015-08-03,6,4,796,67
apache/kafka,2015-08-04,4,4,800,71
apache/kafka,2015-08-05,4,6,804,77
apache/kafka,2015-08-06,3,2,807,79
apache/kafka,2015-08-07,4,7,811,86
apache/kafka,2015-08-08,4,0,815,86
apache/kafka,2015-08-09,3,0,818,86
apache/kafka,2015-08-10,3,3,821,89
apache/kafka,2015-08-11,4,3,825,92
apache/kafka,2015-08-12,5,1,830,93
apache/kafka,2015-08-13,9,4,839,97
apache/kafka,2015-08-14,5,3,844,100
apache/kafka,2015-08-15,3,1,847,101
apache/kafka,2015-08-16,3,1,850,102
apache/kafka,2015-08-17,5,4,855,106
apache/kafka,2015-08-18,5,3,860,109
apache/kafka,2015-08-19,3,2,863,111
apache/kafka,2015-08-20,3,3,866,114
apache/kafka,2015-08-21,2,6,868,120
apache/kafka,2015-08-22,1,1,869,121
apache/kafka,2015-08-23,1,0,870,121
apache/kafka,2015-08-24,6,3,876,124
apache/kafka,2015-08-25,4,5,880,129
apache/kafka,2015-08-26,9,1,889,130
apache/kafka,2015-08-27,6,2,895,132
apache/kafka,2015-08-28,4,4,899,136
apache/kafka,2015-08-29,3,3,902,139
apache/kafka,2015-08-30,2,0,904,139
apache/kafka,2015-08-31,7,2,911,141
apache/kafka,2015-09-01,5,3,916,144
apache/kafka,2015-09-02,6,4,922,148
apache/kafka,2015-09-03,2,4,924,152
apache/kafka,2015-09-04,6,3,930,155
apache/kafka,2015-09-05,3,1,933,156
apache/kafka,2015-09-06,3,2,936,158
apache/kafka,2015-09-07,6,0,942,158
apache/kafka,2015-09-08,5,1,947,159
apache/kafka,2015-09-09,2,2,949,161
apache/kafka,2015-09-10,6,1,955,162
apache/kafka,2015-09-11,4,5,959,167
apache/kafka,2015-09-12,1,1,960,168
apache/kafka,2015-09-13,4,2,964,170
apache/kafka,2015-09-14,5,6,969,176
apache/kafka,2015-09-15,5,3,974,179
apache/kafka,2015-09-16,8,1,982,180
apache/kafka,2015-09-17,6,0,988,180
apache/kafka,2015-09-18,8,2,996,182
apache/kafka,2015-09-19,2,1,998,183
apache/kafka,2015-09-20,2,1,1000,184
apache/kafka,2015-09-21,7,5,1007,189
apache/kafka,2015-09-22,6,2,1013,191
apache/kafka,2015-09-23,6,5,1019,196
apache/kafka,2015-09-24,5,3,1024,199
apache/kafka,2015-09-25,3,7,1027,206
apache/kafka,2015-09-26,2,0,1029,206
apache/kafka,2015-09-27,0,0,1029,206
apache/kafka,2015-09-28,6,11,1035,217
apache/kafka,2015-09-29,5,6,1040,223
apache/kafka,2015-09-30,10,3,1050,226
apache/kafka,2015-10-01,4,5,1054,231
apache/kafka,2015-10-02,2,2,1056,233
apache/kafka,2015-10-03,6,0,1062,233
apache/kafka,2015-10-04,1,1,1063,234
apache/kafka,2015-10-05,6,5,1069,239
apache/kafka,2015-10-06,7,2,1076,241
apache/kafka,2015-10-07,3,4,1079,245
apache/kafka,2015-10-08,5,4,1084,249
apache/kafka,2015-10-09,7,4,1091,253
apache/kafka,2015-10-10,8,1,1099,254
apache/kafka,2015-10-11,2,1,1101,255
apache/kafka,2015-10-12,4,5,1105,260
apache/kafka,2015-10-13,8,6,1113,266
apache/kafka,2015-10-14,4,6,1117,272
apache/kafka,2015-10-15,8,10,1125,282
apache/kafka,2015-10-16,5,3,1130,285
apache/kafka,2015-10-17,4,2,1134,287
apache/kafka,2015-10-18,6,0,1140,287
apache/kafka,2015-10-19,5,4,1145,291
apache/kafka,2015-10-20,6,8,1151,299
apache/kafka,2015-10-21,8,9,1159,308
apache/kafka,2015-10-22,7,5,1166,313
apache/kafka,2015-10-23,7,1,1173,314
apache/kafka,2015-10-24,2,2,1175,316
apache/kafka,2015-10-25,2,1,1177,317
apache/kafka,2015-10-26,6,7,1183,324
apache/kafka,2015-10-27,8,9,1191,333
apache/kafka,2015-10-28,6,2,1197,335
apache/kafka,2015-10-29,9,11,1206,346
apache/kafka,2015-10-30,6,8,1212,354
apache/kafka,2015-10-31,4,3,1216,357
apache/kafka,2015-11-01,5,2,1221,359
apache/kafka,2015-11-02,8,9,1229,368
apache/kafka,2015-11-03,6,3,1235,371
apache/kafka,2015-11-04,5,13,1240,384
apache/kafka,2015-11-05,9,13,1249,397
apache/kafka,2015-11-06,5,11,1254,408
apache/kafka,2015-11-07,1,1,1255,409
apache/kafka,2015-11-08,5,3,1260,412
apache/kafka,2015-11-09,6,24,1266,436
apache/kafka,2015-11-10,9,16,1275,452
apache/kafka,2015-11-11,5,7,1280,459
apache/kafka,2015-11-12,4,19,1284,478
apache/kafka,2015-11-13,7,10,1291,488
apache/kafka,2015-11-14,4,0,1295,488
apache/kafka,2015-11-15,1,3,1296,491
apache/kafka,2015-11-16,3,5,1299,496
apache/kafka,2015-11-17,2,9,1301,505
apache/kafka,2015-11-18,4,8,1305,513
apache/kafka,2015-11-19,7,9,1312,522
apache/kafka,2015-11-20,8,7,1320,529
apache/kafka,2015-11-21,5,2,1325,531
apache/kafka,2015-11-22,3,0,1328,531
apache/kafka,2015-11-23,4,6,1332,537
apache/kafka,2015-11-24,4,6,1336,543
apache/kafka,2015-11-25,8,7,1344,550
apache/kafka,2015-11-26,5,2,1349,552
apache/kafka,2015-11-27,7,3,1356,555
apache/kafka,2015-11-28,1,2,1357,557
apache/kafka,2015-11-29,6,3,1363,560
apache/kafka,2015-11-30,2,3,1365,563
apache/kafka,2015-12-01,12,4,1377,567
apache/kafka,2015-12-02,10,12,1387,579
apache/kafka,2015-12-03,13,5,1400,584
apache/kafka,2015-12-04,6,5,1406,589
apache/kafka,2015-12-05,4,2,1410,591
apache/kafka,2015-12-06,1,1,1411,592
apache/kafka,2015-12-07,2,3,1413,595
apache/kafka,2015-12-08,5,8,1418,603
apache/kafka,2015-12-09,5,10,1423,613
apache/kafka,2015-12-10,6,11,1429,624
apache/kafka,2015-12-11,3,5,1432,629
apache/kafka,2015-12-12,3,0,1435,629
apache/kafka,2015-12-13,7,1,1442,630
apache/kafka,2015-12-14,4,5,1446,635
apache/kafka,2015-12-15,6,6,1452,641
apache/kafka,2015-12-16,9,2,1461,643
apache/kafka,2015-12-17,8,8,1469,651
apache/kafka,2015-12-18,5,6,1474,657
apache/kafka,2015-12-19,4,0,1478,657
apache/kafka,2015-12-20,3,2,1481,659
apache/kafka,2015-12-21,8,7,1489,666
apache/kafka,2015-12-22,2,8,1491,674
apache/kafka,2015-12-23,5,0,1496,674
apache/kafka,2015-12-24,7,0,1503,674
apache/kafka,2015-12-25,5,2,1508,676
apache/kafka,2015-12-26,1,0,1509,676
apache/kafka,2015-12-27,4,0,1513,676
apache/kafka,2015-12-28,2,0,1515,676
apache/kafka,2015-12-29,8,2,1523,678
apache/kafka,2015-12-30,8,2,1531,680
apache/kafka,2015-12-31,0,0,1531,680
apache/kafka,2016-01-01,4,4,1535,684
apache/kafka,2016-01-02,1,0,1536,684
apache/kafka,2016-01-03,3,0,1539,684
apache/kafka,2016-01-04,4,6,1543,690
apache/kafka,2016-01-05,12,5,1555,695
apache/kafka,2016-01-06,11,4,1566,699
apache/kafka,2016-01-07,5,3,1571,702
apache/kafka,2016-01-08,6,5,1577,707
apache/kafka,2016-01-09,3,4,1580,711
apache/kafka,2016-01-10,5,1,1585,712
apache/kafka,2016-01-11,7,4,1592,716
apache/kafka,2016-01-12,5,4,1597,720
apache/kafka,2016-01-13,6,10,1603,730
apache/kafka,2016-01-14,8,10,1611,740
apache/kafka,2016-01-15,6,2,1617,742
apache/kafka,2016-01-16,1,0,1618,742
apache/kafka,2016-01-17,3,3,1621,745
apache/kafka,2016-01-18,4,4,1625,749
apache/kafka,2016-01-19,7,2,1632,751
apache/kafka,2016-01-20,6,5,1638,756
apache/kafka,2016-01-21,7,4,1645,760
apache/kafka,2016-01-22,4,6,1649,766
apache/kafka,2016-01-23,4,1,1653,767
apache/kafka,2016-01-24,3,1,1656,768
apache/kafka,2016-01-25,7,1,1663,769
apache/kafka,2016-01-26,10,6,1673,775
apache/kafka,2016-01-27,7,6,1680,781
apache/kafka,2016-01-28,3,8,1683,789
apache/kafka,2016-01-29,4,11,1687,800
apache/kafka,2016-01-30,3,2,1690,802
apache/kafka,2016-01-31,2,0,1692,802
apache/kafka,2016-02-01,10,6,1702,808
apache/kafka,2016-02-02,9,4,1711,812
apache/kafka,2016-02-03,5,8,1716,820
apache/kafka,2016-02-04,9,14,1725,834
apache/kafka,2016-02-05,5,7,1730,841
apache/kafka,2016-02-06,0,0,1730,841
apache/kafka,2016-02-07,0,1,1730,842
apache/kafka,2016-02-08,1,6,1731,848
apache/kafka,2016-02-09,3,6,1734,854
apache/kafka,2016-02-10,6,8,1740,862
apache/kafka,2016-02-11,2,4,1742,866
apache/kafka,2016-02-12,1,4,1743,870
apache/kafka,2016-02-13,3,2,1746,872
apache/kafka,2016-02-14,2,3,1748,875
apache/kafka,2016-02-15,4,4,1752,879
apache/kafka,2016-02-16,6,5,1758,884
apache/kafka,2016-02-17,4,8,1762,892
apache/kafka,2016-02-18,7,3,1769,895
apache/kafka,2016-02-19,7,5,1776,900
apache/kafka,2016-02-20,6,2,1782,902
apache/kafka,2016-02-21,2,1,1784,903
apache/kafka,2016-02-22,4,9,1788,912
apache/kafka,2016-02-23,1,9,1789,921
apache/kafka,2016-02-24,9,7,1798,928
apache/kafka,2016-02-25,6,7,1804,935
apache/kafka,2016-02-26,5,6,1809,941
apache/kafka,2016-02-27,4,2,1813,943
apache/kafka,2016-02-28,1,0,1814,943
apache/kafka,2016-02-29,2,5,1816,948
apache/kafka,2016-03-01,4,4,1820,952
apache/kafka,2016-03-02,6,7,1826,959
apache/kafka,2016-03-03,10,11,1836,970
apache/kafka,2016-03-04,4,5,1840,975
apache/kafka,2016-03-05,5,2,1845,977
apache/kafka,2016-03-06,4,0,1849,977
apache/kafka,2016-03-07,4,10,1853,987
apache/kafka,2016-03-08,8,4,1861,991
apache/kafka,2016-03-09,9,6,1870,997
apache/kafka,2016-03-10,10,12,1880,1009
apache/kafka,2016-03-11,5,4,1885,1013
apache/kafka,2016-03-12,5,1,1890,1014
apache/kafka,2016-03-13,1,2,1891,1016
apache/kafka,2016-03-14,9,9,1900,1025
apache/kafka,2016-03-15,11,12,1911,1037
apache/kafka,2016-03-16,12,9,1923,1046
apache/kafka,2016-03-17,6,5,1929,1051
apache/kafka,2016-03-18,12,8,1941,1059
apache/kafka,2016-03-19,2,2,1943,1061
apache/kafka,2016-03-20,2,2,1945,1063
apache/kafka,2016-03-21,5,7,1950,1070
apache/kafka,2016-03-22,7,7,1957,1077
apache/kafka,2016-03-23,10,10,1967,1087
apache/kafka,2016-03-24,9,10,1976,1097
apache/kafka,2016-03-25,8,6,1984,1103
apache/kafka,2016-03-26,4,3,1988,1106
apache/kafka,2016-03-27,6,1,1994,1107
apache/kafka,2016-03-28,2,14,1996,1121
apache/kafka,2016-03-29,3,4,1999,1125
apache/kafka,2016-03-30,7,2,2006,1127
apache/kafka,2016-03-31,11,3,2017,1130
apache/kafka,2016-04-01,7,6,2024,1136
apache/kafka,2016-04-02,7,3,2031,1139
apache/kafka,2016-04-03,2,1,2033,1140
apache/kafka,2016-04-04,6,5,2039,1145
apache/kafka,2016-04-05,5,5,2044,1150
apache/kafka,2016-04-06,6,6,2050,1156
apache/kafka,2016-04-07,3,4,2053,1160
apache/kafka,2016-04-08,5,7,2058,1167
apache/kafka,2016-04-09,1,4,2059,1171
apache/kafka,2016-04-10,3,0,2062,1171
apache/kafka,2016-04-11,1,4,2063,1175
apache/kafka,2016-04-12,6,3,2069,1178
apache/kafka,2016-04-13,5,0,2074,1178
apache/kafka,2016-04-14,5,3,2079,1181
apache/kafka,2016-04-15,11,8,2090,1189
apache/kafka,2016-04-16,6,1,2096,1190
apache/kafka,2016-04-17,2,1,2098,1191
apache/kafka,2016-04-18,2,4,2100,1195
apache/kafka,2016-04-19,8,5,2108,1200
apache/kafka,2016-04-20,10,7,2118,1207
apache/kafka,2016-04-21,4,6,2122,1213
apache/kafka,2016-04-22,9,5,2131,1218
apache/kafka,2016-04-23,4,3,2135,1221
apache/kafka,2016-04-24,3,5,2138,1226
apache/kafka,2016-04-25,8,2,2146,1228
apache/kafka,2016-04-26,10,3,2156,1231
apache/kafka,2016-04-27,7,8,2163,1239
apache/kafka,2016-04-28,6,8,2169,1247
apache/kafka,2016-04-29,8,10,2177,1257
apache/kafka,2016-04-30,2,4,2179,1261
apache/kafka,2016-05-01,1,2,2180,1263
apache/kafka,2016-05-02,6,0,2186,1263
apache/kafka,2016-05-03,5,10,2191,1273
apache/kafka,2016-05-04,5,7,2196,1280
apache/kafka,2016-05-05,6,8,2202,1288
apache/kafka,2016-05-06,5,9,2207,1297
apache/kafka,2016-05-07,5,5,2212,1302
apache/kafka,2016-05-08,2,1,2214,1303
apache/kafka,2016-05-09,5,14,2219,1317
apache/kafka,2016-05-10,4,7,2223,1324
apache/kafka,2016-05-11,6,8,2229,1332
apache/kafka,2016-05-12,7,8,2236,1340
apache/kafka,2016-05-13,7,4,2243,1344
apache/kafka,2016-05-14,1,3,2244,1347
apache/kafka,2016-05-15,1,2,2245,1349
apache/kafka,2016-05-16,7,4,2252,1353
apache/kafka,2016-05-17,7,6,2259,1359
apache/kafka,2016-05-18,4,2,2263,1361
apache/kafka,2016-05-19,7,7,2270,1368
apache/kafka,2016-05-20,4,9,2274,1377
apache/kafka,2016-05-21,1,0,2275,1377
apache/kafka,2016-05-22,2,0,2277,1377
apache/kafka,2016-05-23,3,1,2280,1378
apache/kafka,2016-05-24,4,7,2284,1385
apache/kafka,2016-05-25,10,7,2294,1392
apache/kafka,2016-05-26,10,4,2304,1396
apache/kafka,2016-05-27,6,5,2310,1401
apache/kafka,2016-05-28,7,3,2317,1404
apache/kafka,2016-05-29,6,1,2323,1405
apache/kafka,2016-05-30,6,6,2329,1411
apache/kafka,2016-05-31,5,1,2334,1412
apache/kafka,2016-06-01,9,7,2343,1419
apache/kafka,2016-06-02,7,2,2350,1421
apache/kafka,2016-06-03,4,7,2354,1428
apache/kafka,2016-06-04,1,0,2355,1428
apache/kafka,2016-06-05,1,4,2356,1432
apache/kafka,2016-06-06,5,3,2361,1435
apache/kafka,2016-06-07,7,5,2368,1440
apache/kafka,2016-06-08,6,1,2374,1441
apache/kafka,2016-06-09,4,7,2378,1448
apache/kafka,2016-06-10,4,7,2382,1455
apache/kafka,2016-06-11,2,2,2384,1457
apache/kafka,2016-06-12,3,0,2387,1457
apache/kafka,2016-06-13,3,5,2390,1462
apache/kafka,2016-06-14,16,5,2406,1467
apache/kafka,2016-06-15,9,3,2415,1470
apache/kafka,2016-06-16,11,6,2426,1476
apache/kafka,2016-06-17,4,5,2430,1481
apache/kafka,2016-06-18,3,1,2433,1482
apache/kafka,2016-06-19,2,1,2435,1483
apache/kafka,2016-06-20,5,5,2440,1488
apache/kafka,2016-06-21,12,6,2452,1494
apache/kafka,2016-06-22,7,7,2459,1501
apache/kafka,2016-06-23,5,5,2464,1506
apache/kafka,2016-06-24,12,4,2476,1510
apache/kafka,2016-06-25,2,1,2478,1511
apache/kafka,2016-06-26,0,3,2478,1514
apache/kafka,2016-06-27,10,6,2488,1520
apache/kafka,2016-06-28,4,6,2492,1526
apache/kafka,2016-06-29,8,5,2500,1531
apache/kafka,2016-06-30,10,3,2510,1534
apache/kafka,2016-07-01,10,4,2520,1538
apache/kafka,2016-07-02,5,0,2525,1538
apache/kafka,2016-07-03,4,1,2529,1539
apache/kafka,2016-07-04,5,4,2534,1543
apache/kafka,2016-07-05,12,4,2546,1547
apache/kafka,2016-07-06,7,7,2553,1554
apache/kafka,2016-07-07,9,1,2562,1555
apache/kafka,2016-07-08,9,2,2571,1557
apache/kafka,2016-07-09,5,3,2576,1560
apache/kafka,2016-07-10,5,2,2581,1562
apache/kafka,2016-07-11,7,7,2588,1569
apache/kafka,2016-07-12,13,7,2601,1576
apache/kafka,2016-07-13,5,3,2606,1579
apache/kafka,2016-07-14,6,3,2612,1582
apache/kafka,2016-07-15,5,3,2617,1585
apache/kafka,2016-07-16,9,0,2626,1585
apache/kafka,2016-07-17,1,1,2627,1586
apache/kafka,2016-07-18,8,6,2635,1592
apache/kafka,2016-07-19,9,7,2644,1599
apache/kafka,2016-07-20,11,3,2655,1602
apache/kafka,2016-07-21,11,5,2666,1607
apache/kafka,2016-07-22,9,7,2675,1614
apache/kafka,2016-07-23,7,1,2682,1615
apache/kafka,2016-07-24,3,1,2685,1616
apache/kafka,2016-07-25,6,4,2691,1620
apache/kafka,2016-07-26,6,6,2697,1626
apache/kafka,2016-07-27,7,3,2704,1629
apache/kafka,2016-07-28,13,7,2717,1636
apache/kafka,2016-07-29,6,8,2723,1644
apache/kafka,2016-07-30,3,3,2726,1647
apache/kafka,2016-07-31,3,1,2729,1648
apache/kafka,2016-08-01,5,2,2734,1650
apache/kafka,2016-08-02,8,5,2742,1655
apache/kafka,2016-08-03,5,6,2747,1661
apache/kafka,2016-08-04,8,1,2755,1662
apache/kafka,2016-08-05,2,1,2757,1663
apache/kafka,2016-08-06,2,1,2759,1664
apache/kafka,2016-08-07,4,3,2763,1667
apache/kafka,2016-08-08,7,4,2770,1671
apache/kafka,2016-08-09,9,1,2779,1672
apache/kafka,2016-08-10,3,3,2782,1675
apache/kafka,2016-08-11,10,1,2792,1676
apache/kafka,2016-08-12,4,12,2796,1688
apache/kafka,2016-08-13,3,2,2799,1690
apache/kafka,2016-08-14,1,3,2800,1693
apache/kafka,2016-08-15,5,5,2805,1698
apache/kafka,2016-08-16,5,6,2810,1704
apache/kafka,2016-08-17,11,10,2821,1714
apache/kafka,2016-08-18,2,4,2823,1718
apache/kafka,2016-08-19,4,5,2827,1723
apache/kafka,2016-08-20,4,1,2831,1724
apache/kafka,2016-08-21,7,0,2838,1724
apache/kafka,2016-08-22,6,4,2844,1728
apache/kafka,2016-08-23,7,6,2851,1734
apache/kafka,2016-08-24,6,6,2857,1740
apache/kafka,2016-08-25,6,7,2863,1747
apache/kafka,2016-08-26,4,4,2867,1751
apache/kafka,2016-08-27,4,0,2871,1751
apache/kafka,2016-08-28,2,0,2873,1751
apache/kafka,2016-08-29,4,6,2877,1757
apache/kafka,2016-08-30,7,2,2884,1759
apache/kafka,2016-08-31,6,6,2890,1765
apache/kafka,2016-09-01,5,4,2895,1769
apache/kafka,2016-09-02,5,9,2900,1778
apache/kafka,2016-09-03,5,0,2905,1778
apache/kafka,2016-09-04,5,0,2910,1778
apache/kafka,2016-09-05,2,3,2912,1781
apache/kafka,2016-09-06,5,5,2917,1786
apache/kafka,2016-09-07,9,5,2926,1791
apache/kafka,2016-09-08,8,2,2934,1793
apache/kafka,2016-09-09,8,6,2942,1799
apache/kafka,2016-09-10,4,1,2946,1800
apache/kafka,2016-09-11,2,0,2948,1800
apache/kafka,2016-09-12,6,3,2954,1803
apache/kafka,2016-09-13,6,5,2960,1808
apache/kafka,2016-09-14,10,5,2970,1813
apache/kafka,2016-09-15,4,7,2974,1820
apache/kafka,2016-09-16,3,9,2977,1829
apache/kafka,2016-09-17,7,2,2984,1831
apache/kafka,2016-09-18,8,4,2992,1835
apache/kafka,2016-09-19,9,5,3001,1840
apache/kafka,2016-09-20,4,11,3005,1851
apache/kafka,2016-09-21,7,3,3012,1854
apache/kafka,2016-09-22,8,3,3020,1857
apache/kafka,2016-09-23,8,4,3028,1861
apache/kafka,2016-09-24,2,0,3030,1861
apache/kafka,2016-09-25,2,1,3032,1862
apache/kafka,2016-09-26,7,6,3039,1868
apache/kafka,2016-09-27,3,10,3042,1878
apache/kafka,2016-09-28,8,8,3050,1886
apache/kafka,2016-09-29,8,9,3058,1895
apache/kafka,2016-09-30,8,7,3066,1902
apache/kafka,2016-10-01,0,2,3066,1904
apache/kafka,2016-10-02,2,1,3068,1905
apache/kafka,2016-10-03,4,6,3072,1911
apache/kafka,2016-10-04,2,15,3074,1926
apache/kafka,2016-10-05,7,5,3081,1931
apache/kafka,2016-10-06,11,10,3092,1941
apache/kafka,2016-10-07,9,9,3101,1950
apache/kafka,2016-10-08,5,4,3106,1954
apache/kafka,2016-10-09,5,1,3111,1955
apache/kafka,2016-10-10,2,7,3113,1962
apache/kafka,2016-10-11,6,7,3119,1969
apache/kafka,2016-10-12,7,3,3126,1972
apache/kafka,2016-10-13,3,11,3129,1983
apache/kafka,2016-10-14,7,5,3136,1988
apache/kafka,2016-10-15,3,0,3139,1988
apache/kafka,2016-10-16,4,0,3143,1988
apache/kafka,2016-10-17,7,3,3150,1991
apache/kafka,2016-10-18,7,7,3157,1998
apache/kafka,2016-10-19,11,3,3168,2001
apache/kafka,2016-10-20,7,4,3175,2005
apache/kafka,2016-10-21,11,5,3186,2010
apache/kafka,2016-10-22,6,2,3192,2012
apache/kafka,2016-10-23,2,1,3194,2013
apache/kafka,2016-10-24,6,4,3200,2017
apache/kafka,2016-10-25,8,4,3208,2021
apache/kafka,2016-10-26,3,6,3211,2027
apache/kafka,2016-10-27,11,1,3222,2028
apache/kafka,2016-10-28,7,5,3229,2033
apache/kafka,2016-10-29,5,0,3234,2033
apache/kafka,2016-10-30,6,1,3240,2034
apache/kafka,2016-10-31,9,3,3249,2037
apache/kafka,2016-11-01,8,9,3257,2046
apache/kafka,2016-11-02,10,4,3267,2050
apache/kafka,2016-11-03,6,8,3273,2058
apache/kafka,2016-11-04,5,4,3278,2062
apache/kafka,2016-11-05,7,1,3285,2063
apache/kafka,2016-11-06,3,1,3288,2064
apache/kafka,2016-11-07,5,3,3293,2067
apache/kafka,2016-11-08,4,5,3297,2072
apache/kafka,2016-11-09,4,5,3301,2077
apache/kafka,2016-11-10,8,1,3309,2078
apache/kafka,2016-11-11,5,5,3314,2083
apache/kafka,2016-11-12,9,1,3323,2084
apache/kafka,2016-11-13,2,1,3325,2085
apache/kafka,2016-11-14,6,2,3331,2087
apache/kafka,2016-11-15,11,7,3342,2094
apache/kafka,2016-11-16,13,6,3355,2100
apache/kafka,2016-11-17,10,4,3365,2104
apache/kafka,2016-11-18,9,3,3374,2107
apache/kafka,2016-11-19,6,1,3380,2108
apache/kafka,2016-11-20,2,1,3382,2109
apache/kafka,2016-11-21,6,2,3388,2111
apache/kafka,2016-11-22,7,6,3395,2117
apache/kafka,2016-11-23,6,3,3401,2120
apache/kafka,2016-11-24,10,3,3411,2123
apache/kafka,2016-11-25,4,6,3415,2129
apache/kafka,2016-11-26,4,1,3419,2130
apache/kafka,2016-11-27,6,3,3425,2133
apache/kafka,2016-11-28,9,8,3434,2141
apache/kafka,2016-11-29,5,5,3439,2146
apache/kafka,2016-11-30,8,6,3447,2152
apache/kafka,2016-12-01,8,6,3455,2158
apache/kafka,2016-12-02,7,5,3462,2163
apache/kafka,2016-12-03,0,3,3462,2166
apache/kafka,2016-12-04,4,1,3466,2167
apache/kafka,2016-12-05,7,2,3473,2169
apache/kafka,2016-12-06,11,8,3484,2177
apache/kafka,2016-12-07,10,7,3494,2184
apache/kafka,2016-12-08,8,5,3502,2189
apache/kafka,2016-12-09,8,6,3510,2195
apache/kafka,2016-12-10,3,2,3513,2197
apache/kafka,2016-12-11,4,1,3517,2198
apache/kafka,2016-12-12,8,7,3525,2205
apache/kafka,2016-12-13,4,4,3529,2209
apache/kafka,2016-12-14,8,5,3537,2214
apache/kafka,2016-12-15,8,6,3545,2220
apache/kafka,2016-12-16,6,7,3551,2227
apache/kafka,2016-12-17,4,1,3555,2228
apache/kafka,2016-12-18,5,2,3560,2230
apache/kafka,2016-12-19,10,6,3570,2236
apache/kafka,2016-12-20,6,4,3576,2240
apache/kafka,2016-12-21,7,3,3583,2243
apache/kafka,2016-12-22,9,3,3592,2246
apache/kafka,2016-12-23,6,2,3598,2248
apache/kafka,2016-12-24,0,0,3598,2248
apache/kafka,2016-12-25,3,0,3601,2248
apache/kafka,2016-12-26,1,0,3602,2248
apache/kafka,2016-12-27,8,2,3610,2250
apache/kafka,2016-12-28,6,1,3616,2251
apache/kafka,2016-12-29,6,2,3622,2253
apache/kafka,2016-12-30,9,0,3631,2253
apache/kafka,2016-12-31,1,0,3632,2253
apache/kafka,2017-01-01,2,0,3634,2253
apache/kafka,2017-01-02,6,0,3640,2253
apache/kafka,2017-01-03,4,5,3644,2258
apache/kafka,2017-01-04,4,11,3648,2269
apache/kafka,2017-01-05,10,8,3658,2277
apache/kafka,2017-01-06,7,11,3665,2288
apache/kafka,2017-01-07,3,1,3668,2289
apache/kafka,2017-01-08,5,0,3673,2289
apache/kafka,2017-01-09,6,5,3679,2294
apache/kafka,2017-01-10,7,4,3686,2298
apache/kafka,2017-01-11,5,5,3691,2303
apache/kafka,2017-01-12,9,18,3700,2321
apache/kafka,2017-01-13,7,13,3707,2334
apache/kafka,2017-01-14,4,3,3711,2337
apache/kafka,2017-01-15,1,2,3712,2339
apache/kafka,2017-01-16,6,3,3718,2342
apache/kafka,2017-01-17,6,5,3724,2347
apache/kafka,2017-01-18,8,13,3732,2360
apache/kafka,2017-01-19,7,5,3739,2365
apache/kafka,2017-01-20,7,6,3746,2371
apache/kafka,2017-01-21,1,2,3747,2373
apache/kafka,2017-01-22,6,4,3753,2377
apache/kafka,2017-01-23,12,6,3765,2383
apache/kafka,2017-01-24,5,5,3770,2388
apache/kafka,2017-01-25,6,2,3776,2390
apache/kafka,2017-01-26,3,22,3779,2412
apache/kafka,2017-01-27,3,6,3782,2418
apache/kafka,2017-01-28,3,1,3785,2419
apache/kafka,2017-01-29,3,1,3788,2420
apache/kafka,2017-01-30,3,5,3791,2425
apache/kafka,2017-01-31,2,7,3793,2432
apache/kafka,2017-02-01,3,6,3796,2438
apache/kafka,2017-02-02,6,6,3802,2444
apache/kafka,2017-02-03,3,11,3805,2455
apache/kafka,2017-02-04,1,3,3806,2458
apache/kafka,2017-02-05,5,2,3811,2460
apache/kafka,2017-02-06,7,4,3818,2464
apache/kafka,2017-02-07,9,5,3827,2469
apache/kafka,2017-02-08,11,4,3838,2473
apache/kafka,2017-02-09,7,11,3845,2484
apache/kafka,2017-02-10,7,11,3852,2495
apache/kafka,2017-02-11,3,1,3855,2496
apache/kafka,2017-02-12,4,2,3859,2498
apache/kafka,2017-02-13,10,3,3869,2501
apache/kafka,2017-02-14,6,5,3875,2506
apache/kafka,2017-02-15,3,2,3878,2508
apache/kafka,2017-02-16,5,7,3883,2515
apache/kafka,2017-02-17,10,6,3893,2521
apache/kafka,2017-02-18,2,7,3895,2528
apache/kafka,2017-02-19,7,2,3902,2530
apache/kafka,2017-02-20,6,3,3908,2533
apache/kafka,2017-02-21,10,4,3918,2537
apache/kafka,2017-02-22,7,5,3925,2542
apache/kafka,2017-02-23,10,6,3935,2548
apache/kafka,2017-02-24,7,4,3942,2552
apache/kafka,2017-02-25,2,3,3944,2555
apache/kafka,2017-02-26,5,2,3949,2557
apache/kafka,2017-02-27,6,4,3955,2561
apache/kafka,2017-02-28,9,10,3964,2571
apache/kafka,2017-03-01,6,10,3970,2581
apache/kafka,2017-03-02,8,4,3978,2585
apache/kafka,2017-03-03,9,7,3987,2592
apache/kafka,2017-03-04,5,3,3992,2595
apache/kafka,2017-03-05,3,4,3995,2599
apache/kafka,2017-03-06,7,4,4002,2603
apache/kafka,2017-03-07,9,6,4011,2609
apache/kafka,2017-03-08,13,6,4024,2615
apache/kafka,2017-03-09,10,6,4034,2621
apache/kafka,2017-03-10,12,9,4046,2630
apache/kafka,2017-03-11,0,1,4046,2631
apache/kafka,2017-03-12,6,1,4052,2632
apache/kafka,2017-03-13,5,4,4057,2636
apache/kafka,2017-03-14,9,7,4066,2643
apache/kafka,2017-03-15,12,6,4078,2649
apache/kafka,2017-03-16,13,4,4091,2653
apache/kafka,2017-03-17,5,4,4096,2657
apache/kafka,2017-03-18,3,2,4099,2659
apache/kafka,2017-03-19,3,4,4102,2663
apache/kafka,2017-03-20,10,7,4112,2670
apache/kafka,2017-03-21,18,5,4130,2675
apache/kafka,2017-03-22,11,5,4141,2680
apache/kafka,2017-03-23,9,4,4150,2684
apache/kafka,2017-03-24,7,6,4157,2690
apache/kafka,2017-03-25,5,4,4162,2694
apache/kafka,2017-03-26,3,1,4165,2695
apache/kafka,2017-03-27,10,6,4175,2701
apache/kafka,2017-03-28,8,9,4183,2710
apache/kafka,2017-03-29,7,8,4190,2718
apache/kafka,2017-03-30,7,10,4197,2728
apache/kafka,2017-03-31,11,9,4208,2737
apache/kafka,2017-04-01,4,5,4212,2742
apache/kafka,2017-04-02,3,4,4215,2746
apache/kafka,2017-04-03,2,8,4217,2754
apache/kafka,2017-04-04,6,7,4223,2761
apache/kafka,2017-04-05,13,6,4236,2767
apache/kafka,2017-04-06,10,4,4246,2771
apache/kafka,2017-04-07,8,9,4254,2780
apache/kafka,2017-04-08,5,2,4259,2782
apache/kafka,2017-04-09,5,1,4264,2783
apache/kafka,2017-04-10,13,8,4277,2791
apache/kafka,2017-04-11,9,4,4286,2795
apache/kafka,2017-04-12,14,6,4300,2801
apache/kafka,2017-04-13,14,4,4314,2805
apache/kafka,2017-04-14,5,4,4319,2809
apache/kafka,2017-04-15,7,2,4326,2811
apache/kafka,2017-04-16,9,1,4335,2812
apache/kafka,2017-04-17,3,5,4338,2817
apache/kafka,2017-04-18,8,3,4346,2820
apache/kafka,2017-04-19,6,8,4352,2828
apache/kafka,2017-04-20,11,5,4363,2833
apache/kafka,2017-04-21,5,13,4368,2846
apache/kafka,2017-04-22,2,4,4370,2850
apache/kafka,2017-04-23,7,4,4377,2854
apache/kafka,2017-04-24,9,5,4386,2859
apache/kafka,2017-04-25,4,10,4390,2869
apache/kafka,2017-04-26,10,6,4400,2875
apache/kafka,2017-04-27,11,6,4411,2881
apache/kafka,2017-04-28,14,11,4425,2892
apache/kafka,2017-04-29,1,4,4426,2896
apache/kafka,2017-04-30,5,6,4431,2902
apache/kafka,2017-05-01,5,1,4436,2903
apache/kafka,2017-05-02,3,10,4439,2913
apache/kafka,2017-05-03,6,7,4445,2920
apache/kafka,2017-05-04,11,10,4456,2930
apache/kafka,2017-05-05,10,7,4466,2937
apache/kafka,2017-05-06,1,2,4467,2939
apache/kafka,2017-05-07,4,5,4471,2944
apache/kafka,2017-05-08,4,8,4475,2952
apache/kafka,2017-05-09,6,7,4481,2959
apache/kafka,2017-05-10,8,9,4489,2968
apache/kafka,2017-05-11,9,11,4498,2979
apache/kafka,2017-05-12,4,11,4502,2990
apache/kafka,2017-05-13,5,9,4507,2999
apache/kafka,2017-05-14,4,5,4511,3004
apache/kafka,2017-05-15,11,10,4522,3014
apache/kafka,2017-05-16,6,14,4528,3028
apache/kafka,2017-05-17,10,4,4538,3032
apache/kafka,2017-05-18,6,14,4544,3046
apache/kafka,2017-05-19,15,13,4559,3059
apache/kafka,2017-05-20,7,3,4566,3062
apache/kafka,2017-05-21,9,1,4575,3063
apache/kafka,2017-05-22,7,8,4582,3071
apache/kafka,2017-05-23,11,11,4593,3082
apache/kafka,2017-05-24,6,12,4599,3094
apache/kafka,2017-05-25,6,5,4605,3099
apache/kafka,2017-05-26,6,10,4611,3109
apache/kafka,2017-05-27,9,3,4620,3112
apache/kafka,2017-05-28,3,1,4623,3113
apache/kafka,2017-05-29,4,3,4627,3116
apache/kafka,2017-05-30,4,7,4631,3123
apache/kafka,2017-05-31,11,13,4642,3136
apache/kafka,2017-06-01,9,17,4651,3153
apache/kafka,2017-06-02,8,17,4659,3170
apache/kafka,2017-06-03,6,12,4665,3182
apache/kafka,2017-06-04,7,4,4672,3186
apache/kafka,2017-06-05,11,5,4683,3191
apache/kafka,2017-06-06,9,11,4692,3202
apache/kafka,2017-06-07,13,13,4705,3215
apache/kafka,2017-06-08,4,12,4709,3227
apache/kafka,2017-06-09,10,11,4719,3238
apache/kafka,2017-06-10,3,10,4722,3248
apache/kafka,2017-06-11,2,1,4724,3249
apache/kafka,2017-06-12,7,11,4731,3260
apache/kafka,2017-06-13,13,20,4744,3280
apache/kafka,2017-06-14,13,15,4757,3295
apache/kafka,2017-06-15,11,9,4768,3304
apache/kafka,2017-06-16,8,6,4776,3310
apache/kafka,2017-06-17,2,6,4778,3316
apache/kafka,2017-06-18,2,0,4780,3316
apache/kafka,2017-06-19,4,11,4784,3327
apache/kafka,2017-06-20,7,13,4791,3340
apache/kafka,2017-06-21,14,15,4805,3355
apache/kafka,2017-06-22,7,12,4812,3367
apache/kafka,2017-06-23,2,10,4814,3377
apache/kafka,2017-06-24,5,1,4819,3378
apache/kafka,2017-06-25,1,1,4820,3379
apache/kafka,2017-06-26,4,11,4824,3390
apache/kafka,2017-06-27,7,8,4831,3398
apache/kafka,2017-06-28,7,10,4838,3408
apache/kafka,2017-06-29,8,5,4846,3413
apache/kafka,2017-06-30,11,10,4857,3423
apache/kafka,2017-07-01,2,3,4859,3426
apache/kafka,2017-07-02,11,1,4870,3427
apache/kafka,2017-07-03,10,5,4880,3432
apache/kafka,2017-07-04,6,6,4886,3438
apache/kafka,2017-07-05,11,3,4897,3441
apache/kafka,2017-07-06,10,8,4907,3449
apache/kafka,2017-07-07,8,8,4915,3457
apache/kafka,2017-07-08,1,2,4916,3459
apache/kafka,2017-07-09,5,0,4921,3459
apache/kafka,2017-07-10,10,9,4931,3468
apache/kafka,2017-07-11,5,3,4936,3471
apache/kafka,2017-07-12,12,3,4948,3474
apache/kafka,2017-07-13,12,2,4960,3476
apache/kafka,2017-07-14,13,4,4973,3480
apache/kafka,2017-07-15,6,5,4979,3485
apache/kafka,2017-07-16,3,1,4982,3486
apache/kafka,2017-07-17,6,5,4988,3491
apache/kafka,2017-07-18,10,6,4998,3497
apache/kafka,2017-07-19,5,4,5003,3501
apache/kafka,2017-07-20,11,6,5014,3507
apache/kafka,2017-07-21,8,8,5022,3515
apache/kafka,2017-07-22,7,0,5029,3515
apache/kafka,2017-07-23,3,1,5032,3516
apache/kafka,2017-07-24,16,4,5048,3520
apache/kafka,2017-07-25,15,5,5063,3525
apache/kafka,2017-07-26,12,8,5075,3533
apache/kafka,2017-07-27,6,4,5081,3537
apache/kafka,2017-07-28,13,5,5094,3542
apache/kafka,2017-07-29,8,2,5102,3544
apache/kafka,2017-07-30,5,5,5107,3549
apache/kafka,2017-07-31,7,1,5114,3550
apache/kafka,2017-08-01,9,4,5123,3554
apache/kafka,2017-08-02,6,5,5129,3559
apache/kafka,2017-08-03,8,6,5137,3565
apache/kafka,2017-08-04,7,13,5144,3578
apache/kafka,2017-08-05,7,0,5151,3578
apache/kafka,2017-08-06,4,1,5155,3579
apache/kafka,2017-08-07,11,10,5166,3589
apache/kafka,2017-08-08,17,4,5183,3593
apache/kafka,2017-08-09,13,6,5196,3599
apache/kafka,2017-08-10,16,3,5212,3602
apache/kafka,2017-08-11,6,7,5218,3609
apache/kafka,2017-08-12,7,0,5225,3609
apache/kafka,2017-08-13,6,1,5231,3610
apache/kafka,2017-08-14,10,4,5241,3614
apache/kafka,2017-08-15,11,8,5252,3622
apache/kafka,2017-08-16,12,7,5264,3629
apache/kafka,2017-08-17,12,9,5276,3638
apache/kafka,2017-08-18,11,3,5287,3641
apache/kafka,2017-08-19,9,6,5296,3647
apache/kafka,2017-08-20,4,2,5300,3649
apache/kafka,2017-08-21,11,5,5311,3654
apache/kafka,2017-08-22,7,10,5318,3664
apache/kafka,2017-08-23,18,7,5336,3671
apache/kafka,2017-08-24,6,7,5342,3678
apache/kafka,2017-08-25,10,12,5352,3690
apache/kafka,2017-08-26,5,2,5357,3692
apache/kafka,2017-08-27,7,2,5364,3694
apache/kafka,2017-08-28,13,4,5377,3698
apache/kafka,2017-08-29,21,5,5398,3703
apache/kafka,2017-08-30,16,6,5414,3709
apache/kafka,2017-08-31,16,12,5430,3721
apache/kafka,2017-09-01,7,2,5437,3723
apache/kafka,2017-09-02,4,2,5441,3725
apache/kafka,2017-09-03,3,2,5444,3727
apache/kafka,2017-09-04,10,2,5454,3729
apache/kafka,2017-09-05,9,9,5463,3738
apache/kafka,2017-09-06,9,10,5472,3748
apache/kafka,2017-09-07,4,7,5476,3755
apache/kafka,2017-09-08,10,10,5486,3765
apache/kafka,2017-09-09,6,0,5492,3765
apache/kafka,2017-09-10,6,2,5498,3767
apache/kafka,2017-09-11,13,7,5511,3774
apache/kafka,2017-09-12,13,8,5524,3782
apache/kafka,2017-09-13,8,16,5532,3798
apache/kafka,2017-09-14,9,9,5541,3807
apache/kafka,2017-09-15,11,13,5552,3820
apache/kafka,2017-09-16,3,3,5555,3823
apache/kafka,2017-09-17,8,3,5563,3826
apache/kafka,2017-09-18,8,10,5571,3836
apache/kafka,2017-09-19,9,19,5580,3855
apache/kafka,2017-09-20,12,16,5592,3871
apache/kafka,2017-09-21,8,12,5600,3883
apache/kafka,2017-09-22,8,9,5608,3892
apache/kafka,2017-09-23,5,2,5613,3894
apache/kafka,2017-09-24,5,1,5618,3895
apache/kafka,2017-09-25,5,7,5623,3902
apache/kafka,2017-09-26,10,6,5633,3908
apache/kafka,2017-09-27,10,13,5643,3921
apache/kafka,2017-09-28,9,10,5652,3931
apache/kafka,2017-09-29,12,8,5664,3939
apache/kafka,2017-09-30,11,2,5675,3941
apache/kafka,2017-10-01,5,0,5680,3941
apache/kafka,2017-10-02,10,6,5690,3947
apache/kafka,2017-10-03,5,6,5695,3953
apache/kafka,2017-10-04,6,11,5701,3964
apache/kafka,2017-10-05,3,11,5704,3975
apache/kafka,2017-10-06,4,4,5708,3979
apache/kafka,2017-10-07,4,3,5712,3982
apache/kafka,2017-10-08,4,1,5716,3983
apache/kafka,2017-10-09,15,8,5731,3991
apache/kafka,2017-10-10,6,6,5737,3997
apache/kafka,2017-10-11,14,10,5751,4007
apache/kafka,2017-10-12,10,4,5761,4011
apache/kafka,2017-10-13,6,4,5767,4015
apache/kafka,2017-10-14,6,0,5773,4015
apache/kafka,2017-10-15,5,0,5778,4015
apache/kafka,2017-10-16,10,4,5788,4019
apache/kafka,2017-10-17,13,8,5801,4027
apache/kafka,2017-10-18,7,7,5808,4034
apache/kafka,2017-10-19,8,7,5816,4041
apache/kafka,2017-10-20,11,7,5827,4048
apache/kafka,2017-10-21,3,4,5830,4052
apache/kafka,2017-10-22,2,3,5832,4055
apache/kafka,2017-10-23,8,8,5840,4063
apache/kafka,2017-10-24,11,7,5851,4070
apache/kafka,2017-10-25,14,6,5865,4076
apache/kafka,2017-10-26,11,5,5876,4081
apache/kafka,2017-10-27,16,9,5892,4090
apache/kafka,2017-10-28,7,6,5899,4096
apache/kafka,2017-10-29,7,0,5906,4096
apache/kafka,2017-10-30,12,7,5918,4103
apache/kafka,2017-10-31,16,3,5934,4106
apache/kafka,2017-11-01,11,4,5945,4110
apache/kafka,2017-11-02,22,3,5967,4113
apache/kafka,2017-11-03,26,3,5993,4116
apache/kafka,2017-11-04,6,1,5999,4117
apache/kafka,2017-11-05,10,3,6009,4120
apache/kafka,2017-11-06,13,6,6022,4126
apache/kafka,2017-11-07,25,5,6047,4131
apache/kafka,2017-11-08,10,7,6057,4138
apache/kafka,2017-11-09,12,3,6069,4141
apache/kafka,2017-11-10,7,6,6076,4147
apache/kafka,2017-11-11,4,0,6080,4147
apache/kafka,2017-11-12,9,0,6089,4147
apache/kafka,2017-11-13,12,2,6101,4149
apache/kafka,2017-11-14,9,5,6110,4154
apache/kafka,2017-11-15,13,10,6123,4164
apache/kafka,2017-11-16,13,4,6136,4168
apache/kafka,2017-11-17,13,3,6149,4171
apache/kafka,2017-11-18,1,2,6150,4173
apache/kafka,2017-11-19,3,5,6153,4178
apache/kafka,2017-11-20,13,3,6166,4181
apache/kafka,2017-11-21,9,3,6175,4184
apache/kafka,2017-11-22,11,12,6186,4196
apache/kafka,2017-11-23,16,5,6202,4201
apache/kafka,2017-11-24,11,3,6213,4204
apache/kafka,2017-11-25,7,1,6220,4205
apache/kafka,2017-11-26,10,1,6230,4206
apache/kafka,2017-11-27,11,4,6241,4210
apache/kafka,2017-11-28,17,2,6258,4212
apache/kafka,2017-11-29,8,5,6266,4217
apache/kafka,2017-11-30,8,2,6274,4219
apache/kafka,2017-12-01,10,7,6284,4226
apache/kafka,2017-12-02,3,1,6287,4227
apache/kafka,2017-12-03,4,2,6291,4229
apache/kafka,2017-12-04,12,2,6303,4231
apache/kafka,2017-12-05,8,3,6311,4234
apache/kafka,2017-12-06,7,5,6318,4239
apache/kafka,2017-12-07,11,3,6329,4242
apache/kafka,2017-12-08,9,5,6338,4247
apache/kafka,2017-12-09,8,1,6346,4248
apache/kafka,2017-12-10,5,1,6351,4249
apache/kafka,2017-12-11,13,4,6364,4253
apache/kafka,2017-12-12,5,4,6369,4257
apache/kafka,2017-12-13,14,4,6383,4261
apache/kafka,2017-12-14,9,3,6392,4264
apache/kafka,2017-12-15,10,10,6402,4274
apache/kafka,2017-12-16,4,1,6406,4275
apache/kafka,2017-12-17,3,0,6409,4275
apache/kafka,2017-12-18,8,5,6417,4280
apache/kafka,2017-12-19,7,2,6424,4282
apache/kafka,2017-12-20,7,3,6431,4285
apache/kafka,2017-12-21,17,4,6448,4289
apache/kafka,2017-12-22,12,2,6460,4291
apache/kafka,2017-12-23,1,2,6461,4293
apache/kafka,2017-12-24,6,0,6467,4293
apache/kafka,2017-12-25,10,2,6477,4295
apache/kafka,2017-12-26,10,2,6487,4297
apache/kafka,2017-12-27,11,3,6498,4300
apache/kafka,2017-12-28,5,1,6503,4301
apache/kafka,2017-12-29,7,3,6510,4304
apache/kafka,2017-12-30,4,1,6514,4305
apache/kafka,2017-12-31,1,2,6515,4307
apache/kafka,2018-01-01,5,3,6520,4310
apache/kafka,2018-01-02,0,0,6520,4310
apache/kafka,2018-01-03,0,0,6520,4310
apache/kafka,2018-01-04,0,0,6520,4310
apache/kafka,2018-01-05,0,0,6520,4310
apache/kafka,2018-01-06,0,0,6520,4310
apache/kafka,2018-01-07,0,0,6520,4310
apache/kafka,2018-01-08,0,0,6520,4310
apache/kafka,2018-01-09,0,0,6520,4310
apache/kafka,2018-01-10,0,0,6520,4310
apache/kafka,2018-01-11,0,0,6520,4310
apache/kafka,2018-01-12,0,0,6520,4310
apache/kafka,2018-01-13,0,0,6520,4310
apache/kafka,2018-01-14,0,0,6520,4310
apache/kafka,2018-01-15,0,0,6520,4310
apache/kafka,2018-01-16,0,0,6520,4310
apache/kafka,2018-01-17,0,0,6520,4310
apache/kafka,2018-01-18,0,0,6520,4310
apache/kafka,2018-01-19,0,0,6520,4310
apache/kafka,2018-01-20,0,0,6520,4310
apache/kafka,2018-01-21,0,0,6520,4310
apache/kafka,2018-01-22,0,0,6520,4310
apache/kafka,2018-01-23,0,0,6520,4310
apache/kafka,2018-01-24,0,0,6520,4310
apache/kafka,2018-01-25,0,0,6520,4310
apache/kafka,2018-01-26,0,0,6520,4310
apache/kafka,2018-01-27,0,0,6520,4310
apache/kafka,2018-01-28,0,0,6520,4310
apache/kafka,2018-01-29,0,0,6520,4310
apache/kafka,2018-01-30,0,0,6520,4310
apache/kafka,2018-01-31,0,0,6520,4310
apache/kafka,2018-02-01,13,12,6533,4322
apache/kafka,2018-02-02,14,5,6547,4327
apache/kafka,2018-02-03,3,3,6550,4330
apache/kafka,2018-02-04,4,2,6554,4332
apache/kafka,2018-02-05,21,6,6575,4338
apache/kafka,2018-02-06,6,7,6581,4345
apache/kafka,2018-02-07,18,7,6599,4352
apache/kafka,2018-02-08,8,9,6607,4361
apache/kafka,2018-02-09,14,3,6621,4364
apache/kafka,2018-02-10,8,0,6629,4364
apache/kafka,2018-02-11,9,2,6638,4366
apache/kafka,2018-02-12,7,3,6645,4369
apache/kafka,2018-02-13,9,8,6654,4377
apache/kafka,2018-02-14,2,4,6656,4381
apache/kafka,2018-02-15,8,6,6664,4387
apache/kafka,2018-02-16,8,4,6672,4391
apache/kafka,2018-02-17,4,1,6676,4392
apache/kafka,2018-02-18,2,3,6678,4395
apache/kafka,2018-02-19,4,7,6682,4402
apache/kafka,2018-02-20,8,12,6690,4414
apache/kafka,2018-02-21,12,5,6702,4419
apache/kafka,2018-02-22,11,4,6713,4423
apache/kafka,2018-02-23,7,1,6720,4424
apache/kafka,2018-02-24,11,0,6731,4424
apache/kafka,2018-02-25,5,2,6736,4426
apache/kafka,2018-02-26,11,4,6747,4430
apache/kafka,2018-02-27,15,5,6762,4435
apache/kafka,2018-02-28,14,2,6776,4437
apache/kafka,2018-03-01,8,5,6784,4442
apache/kafka,2018-03-02,9,6,6793,4448
apache/kafka,2018-03-03,5,2,6798,4450
apache/kafka,2018-03-04,3,2,6801,4452
apache/kafka,2018-03-05,19,4,6820,4456
apache/kafka,2018-03-06,12,7,6832,4463
apache/kafka,2018-03-07,13,3,6845,4466
apache/kafka,2018-03-08,12,6,6857,4472
apache/kafka,2018-03-09,18,9,6875,4481
apache/kafka,2018-03-10,3,4,6878,4485
apache/kafka,2018-03-11,11,5,6889,4490
apache/kafka,2018-03-12,10,8,6899,4498
apache/kafka,2018-03-13,9,9,6908,4507
apache/kafka,2018-03-14,14,10,6922,4517
apache/kafka,2018-03-15,19,5,6941,4522
apache/kafka,2018-03-16,13,8,6954,4530
apache/kafka,2018-03-17,3,1,6957,4531
apache/kafka,2018-03-18,9,1,6966,4532
apache/kafka,2018-03-19,16,5,6982,4537
apache/kafka,2018-03-20,13,8,6995,4545
apache/kafka,2018-03-21,13,9,7008,4554
apache/kafka,2018-03-22,13,7,7021,4561
apache/kafka,2018-03-23,5,8,7026,4569
apache/kafka,2018-03-24,7,3,7033,4572
apache/kafka,2018-03-25,2,0,7035,4572
apache/kafka,2018-03-26,16,6,7051,4578
apache/kafka,2018-03-27,11,6,7062,4584
apache/kafka,2018-03-28,16,9,7078,4593
apache/kafka,2018-03-29,12,4,7090,4597
apache/kafka,2018-03-30,14,7,7104,4604
apache/kafka,2018-03-31,4,1,7108,4605
apache/kafka,2018-04-01,12,3,7120,4608
apache/kafka,2018-04-02,16,4,7136,4612
apache/kafka,2018-04-03,6,6,7142,4618
apache/kafka,2018-04-04,0,0,7142,4618
apache/kafka,2018-04-05,2,3,7144,4621
apache/kafka,2018-04-06,3,2,7147,4623
apache/kafka,2018-04-07,9,2,7156,4625
apache/kafka,2018-04-08,17,2,7173,4627
apache/kafka,2018-04-09,17,3,7190,4630
apache/kafka,2018-04-10,7,8,7197,4638
apache/kafka,2018-04-11,5,3,7202,4641
apache/kafka,2018-04-12,10,8,7212,4649
apache/kafka,2018-04-13,11,8,7223,4657
apache/kafka,2018-04-14,10,0,7233,4657
apache/kafka,2018-04-15,7,1,7240,4658
apache/kafka,2018-04-16,7,8,7247,4666
apache/kafka,2018-04-17,10,5,7257,4671
apache/kafka,2018-04-18,11,6,7268,4677
apache/kafka,2018-04-19,18,5,7286,4682
apache/kafka,2018-04-20,12,6,7298,4688
apache/kafka,2018-04-21,5,3,7303,4691
apache/kafka,2018-04-22,16,1,7319,4692
apache/kafka,2018-04-23,9,5,7328,4697
apache/kafka,2018-04-24,12,5,7340,4702
apache/kafka,2018-04-25,14,5,7354,4707
apache/kafka,2018-04-26,6,4,7360,4711
apache/kafka,2018-04-27,13,7,7373,4718
apache/kafka,2018-04-28,8,1,7381,4719
apache/kafka,2018-04-29,4,1,7385,4720
apache/kafka,2018-04-30,8,3,7393,4723
apache/kafka,2018-05-01,3,2,7396,4725
apache/kafka,2018-05-02,13,7,7409,4732
apache/kafka,2018-05-03,21,4,7430,4736
apache/kafka,2018-05-04,15,4,7445,4740
apache/kafka,2018-05-05,4,0,7449,4740
apache/kafka,2018-05-06,8,0,7457,4740
apache/kafka,2018-05-07,18,4,7475,4744
apache/kafka,2018-05-08,17,5,7492,4749
apache/kafka,2018-05-09,15,11,7507,4760
apache/kafka,2018-05-10,12,9,7519,4769
apache/kafka,2018-05-11,8,8,7527,4777
apache/kafka,2018-05-12,5,4,7532,4781
apache/kafka,2018-05-13,9,2,7541,4783
apache/kafka,2018-05-14,12,0,7553,4783
apache/kafka,2018-05-15,13,3,7566,4786
apache/kafka,2018-05-16,15,4,7581,4790
apache/kafka,2018-05-17,13,7,7594,4797
apache/kafka,2018-05-18,12,4,7606,4801
apache/kafka,2018-05-19,10,2,7616,4803
apache/kafka,2018-05-20,12,6,7628,4809
apache/kafka,2018-05-21,12,9,7640,4818
apache/kafka,2018-05-22,7,8,7647,4826
apache/kafka,2018-05-23,13,7,7660,4833
apache/kafka,2018-05-24,4,1,7664,4834
apache/kafka,2018-05-25,15,5,7679,4839
apache/kafka,2018-05-26,5,5,7684,4844
apache/kafka,2018-05-27,5,3,7689,4847
apache/kafka,2018-05-28,9,1,7698,4848
apache/kafka,2018-05-29,8,4,7706,4852
apache/kafka,2018-05-30,9,6,7715,4858
apache/kafka,2018-05-31,10,10,7725,4868
apache/kafka,2018-06-01,9,11,7734,4879
apache/kafka,2018-06-02,5,3,7739,4882
apache/kafka,2018-06-03,7,1,7746,4883
apache/kafka,2018-06-04,15,5,7761,4888
apache/kafka,2018-06-05,10,6,7771,4894
apache/kafka,2018-06-06,13,12,7784,4906
apache/kafka,2018-06-07,13,6,7797,4912
apache/kafka,2018-06-08,8,7,7805,4919
apache/kafka,2018-06-09,6,4,7811,4923
apache/kafka,2018-06-10,10,1,7821,4924
apache/kafka,2018-06-11,7,16,7828,4940
apache/kafka,2018-06-12,12,11,7840,4951
apache/kafka,2018-06-13,13,12,7853,4963
apache/kafka,2018-06-14,16,14,7869,4977
apache/kafka,2018-06-15,15,3,7884,4980
apache/kafka,2018-06-16,7,3,7891,4983
apache/kafka,2018-06-17,6,2,7897,4985
apache/kafka,2018-06-18,3,6,7900,4991
apache/kafka,2018-06-19,8,5,7908,4996
apache/kafka,2018-06-20,12,5,7920,5001
apache/kafka,2018-06-21,10,7,7930,5008
apache/kafka,2018-06-22,16,13,7946,5021
apache/kafka,2018-06-23,5,0,7951,5021
apache/kafka,2018-06-24,6,2,7957,5023
apache/kafka,2018-06-25,7,4,7964,5027
apache/kafka,2018-06-26,14,9,7978,5036
apache/kafka,2018-06-27,13,5,7991,5041
apache/kafka,2018-06-28,5,4,7996,5045
apache/kafka,2018-06-29,11,6,8007,5051
apache/kafka,2018-06-30,10,0,8017,5051
apache/kafka,2018-07-01,4,2,8021,5053
apache/kafka,2018-07-02,15,5,8036,5058
apache/kafka,2018-07-03,11,9,8047,5067
apache/kafka,2018-07-04,21,3,8068,5070
apache/kafka,2018-07-05,17,3,8085,5073
apache/kafka,2018-07-06,16,7,8101,5080
apache/kafka,2018-07-07,3,0,8104,5080
apache/kafka,2018-07-08,7,1,8111,5081
apache/kafka,2018-07-09,12,2,8123,5083
apache/kafka,2018-07-10,13,5,8136,5088
apache/kafka,2018-07-11,13,1,8149,5089
apache/kafka,2018-07-12,7,8,8156,5097
apache/kafka,2018-07-13,8,2,8164,5099
apache/kafka,2018-07-14,7,1,8171,5100
apache/kafka,2018-07-15,9,1,8180,5101
apache/kafka,2018-07-16,8,6,8188,5107
apache/kafka,2018-07-17,14,7,8202,5114
apache/kafka,2018-07-18,8,11,8210,5125
apache/kafka,2018-07-19,10,6,8220,5131
apache/kafka,2018-07-20,11,8,8231,5139
apache/kafka,2018-07-21,3,3,8234,5142
apache/kafka,2018-07-22,5,1,8239,5143
apache/kafka,2018-07-23,8,4,8247,5147
apache/kafka,2018-07-24,10,3,8257,5150
apache/kafka,2018-07-25,14,3,8271,5153
apache/kafka,2018-07-26,19,5,8290,5158
apache/kafka,2018-07-27,12,2,8302,5160
apache/kafka,2018-07-28,10,0,8312,5160
apache/kafka,2018-07-29,7,2,8319,5162
apache/kafka,2018-07-30,21,2,8340,5164
apache/kafka,2018-07-31,26,2,8366,5166
apache/kafka,2018-08-01,13,6,8379,5172
apache/kafka,2018-08-02,12,8,8391,5180
apache/kafka,2018-08-03,14,4,8405,5184
apache/kafka,2018-08-04,4,1,8409,5185
apache/kafka,2018-08-05,3,2,8412,5187
apache/kafka,2018-08-06,16,6,8428,5193
apache/kafka,2018-08-07,19,4,8447,5197
apache/kafka,2018-08-08,8,6,8455,5203
apache/kafka,2018-08-09,16,5,8471,5208
apache/kafka,2018-08-10,19,2,8490,5210
apache/kafka,2018-08-11,4,0,8494,5210
apache/kafka,2018-08-12,6,2,8500,5212
apache/kafka,2018-08-13,16,9,8516,5221
apache/kafka,2018-08-14,18,4,8534,5225
apache/kafka,2018-08-15,18,6,8552,5231
apache/kafka,2018-08-16,17,7,8569,5238
apache/kafka,2018-08-17,9,6,8578,5244
apache/kafka,2018-08-18,7,2,8585,5246
apache/kafka,2018-08-19,5,2,8590,5248
apache/kafka,2018-08-20,4,9,8594,5257
apache/kafka,2018-08-21,10,7,8604,5264
apache/kafka,2018-08-22,8,9,8612,5273
apache/kafka,2018-08-23,11,7,8623,5280
apache/kafka,2018-08-24,12,2,8635,5282
apache/kafka,2018-08-25,9,4,8644,5286
apache/kafka,2018-08-26,8,3,8652,5289
apache/kafka,2018-08-27,14,2,8666,5291
apache/kafka,2018-08-28,10,4,8676,5295
apache/kafka,2018-08-29,14,8,8690,5303
apache/kafka,2018-08-30,14,0,8704,5303
apache/kafka,2018-08-31,9,5,8713,5308
apache/kafka,2018-09-01,4,4,8717,5312
apache/kafka,2018-09-02,6,0,8723,5312
apache/kafka,2018-09-03,10,3,8733,5315
apache/kafka,2018-09-04,8,7,8741,5322
apache/kafka,2018-09-05,18,2,8759,5324
apache/kafka,2018-09-06,16,4,8775,5328
apache/kafka,2018-09-07,7,4,8782,5332
apache/kafka,2018-09-08,7,1,8789,5333
apache/kafka,2018-09-09,1,4,8790,5337
apache/kafka,2018-09-10,10,5,8800,5342
apache/kafka,2018-09-11,10,5,8810,5347
apache/kafka,2018-09-12,14,3,8824,5350
apache/kafka,2018-09-13,7,4,8831,5354
apache/kafka,2018-09-14,16,6,8847,5360
apache/kafka,2018-09-15,6,1,8853,5361
apache/kafka,2018-09-16,11,0,8864,5361
apache/kafka,2018-09-17,10,2,8874,5363
apache/kafka,2018-09-18,8,2,8882,5365
apache/kafka,2018-09-19,8,5,8890,5370
apache/kafka,2018-09-20,13,2,8903,5372
apache/kafka,2018-09-21,8,9,8911,5381
apache/kafka,2018-09-22,3,1,8914,5382
apache/kafka,2018-09-23,6,0,8920,5382
apache/kafka,2018-09-24,12,6,8932,5388
apache/kafka,2018-09-25,6,5,8938,5393
apache/kafka,2018-09-26,13,8,8951,5401
apache/kafka,2018-09-27,9,4,8960,5405
apache/kafka,2018-09-28,11,5,8971,5410
apache/kafka,2018-09-29,12,3,8983,5413
apache/kafka,2018-09-30,4,1,8987,5414
apache/kafka,2018-10-01,6,3,8993,5417
apache/kafka,2018-10-02,7,6,9000,5423
apache/kafka,2018-10-03,6,7,9006,5430
apache/kafka,2018-10-04,8,6,9014,5436
apache/kafka,2018-10-05,3,8,9017,5444
apache/kafka,2018-10-06,5,1,9022,5445
apache/kafka,2018-10-07,5,1,9027,5446
apache/kafka,2018-10-08,10,5,9037,5451
apache/kafka,2018-10-09,7,7,9044,5458
apache/kafka,2018-10-10,9,7,9053,5465
apache/kafka,2018-10-11,9,13,9062,5478
apache/kafka,2018-10-12,8,4,9070,5482
apache/kafka,2018-10-13,5,1,9075,5483
apache/kafka,2018-10-14,6,0,9081,5483
apache/kafka,2018-10-15,12,4,9093,5487
apache/kafka,2018-10-16,10,5,9103,5492
apache/kafka,2018-10-17,17,4,9120,5496
apache/kafka,2018-10-18,7,5,9127,5501
apache/kafka,2018-10-19,6,3,9133,5504
apache/kafka,2018-10-20,4,1,9137,5505
apache/kafka,2018-10-21,7,1,9144,5506
apache/kafka,2018-10-22,10,5,9154,5511
apache/kafka,2018-10-23,11,3,9165,5514
apache/kafka,2018-10-24,9,5,9174,5519
apache/kafka,2018-10-25,8,5,9182,5524
apache/kafka,2018-10-26,11,1,9193,5525
apache/kafka,2018-10-27,5,2,9198,5527
apache/kafka,2018-10-28,4,4,9202,5531
apache/kafka,2018-10-29,9,1,9211,5532
apache/kafka,2018-10-30,7,6,9218,5538
apache/kafka,2018-10-31,14,5,9232,5543
apache/kafka,2018-11-01,11,5,9243,5548
apache/kafka,2018-11-02,13,6,9256,5554
apache/kafka,2018-11-03,11,0,9267,5554
apache/kafka,2018-11-04,2,2,9269,5556
apache/kafka,2018-11-05,11,3,9280,5559
apache/kafka,2018-11-06,9,3,9289,5562
apache/kafka,2018-11-07,8,2,9297,5564
apache/kafka,2018-11-08,9,7,9306,5571
apache/kafka,2018-11-09,16,0,9322,5571
apache/kafka,2018-11-10,7,1,9329,5572
apache/kafka,2018-11-11,3,4,9332,5576
apache/kafka,2018-11-12,20,8,9352,5584
apache/kafka,2018-11-13,7,1,9359,5585
apache/kafka,2018-11-14,5,4,9364,5589
apache/kafka,2018-11-15,17,4,9381,5593
apache/kafka,2018-11-16,18,3,9399,5596
apache/kafka,2018-11-17,8,2,9407,5598
apache/kafka,2018-11-18,13,3,9420,5601
apache/kafka,2018-11-19,16,4,9436,5605
apache/kafka,2018-11-20,13,1,9449,5606
apache/kafka,2018-11-21,12,5,9461,5611
apache/kafka,2018-11-22,10,4,9471,5615
apache/kafka,2018-11-23,10,0,9481,5615
apache/kafka,2018-11-24,5,1,9486,5616
apache/kafka,2018-11-25,3,0,9489,5616
apache/kafka,2018-11-26,9,6,9498,5622
apache/kafka,2018-11-27,13,5,9511,5627
apache/kafka,2018-11-28,19,9,9530,5636
apache/kafka,2018-11-29,16,10,9546,5646
apache/kafka,2018-11-30,12,6,9558,5652
apache/kafka,2018-12-01,5,2,9563,5654
apache/kafka,2018-12-02,7,2,9570,5656
apache/kafka,2018-12-03,17,6,9587,5662
apache/kafka,2018-12-04,3,2,9590,5664
apache/kafka,2018-12-05,12,6,9602,5670
apache/kafka,2018-12-06,14,4,9616,5674
apache/kafka,2018-12-07,11,6,9627,5680
apache/kafka,2018-12-08,7,1,9634,5681
apache/kafka,2018-12-09,11,1,9645,5682
apache/kafka,2018-12-10,49,3,9694,5685
apache/kafka,2018-12-11,12,3,9706,5688
apache/kafka,2018-12-12,11,4,9717,5692
apache/kafka,2018-12-13,16,3,9733,5695
apache/kafka,2018-12-14,11,3,9744,5698
apache/kafka,2018-12-15,9,1,9753,5699
apache/kafka,2018-12-16,7,0,9760,5699
apache/kafka,2018-12-17,11,9,9771,5708
apache/kafka,2018-12-18,13,1,9784,5709
apache/kafka,2018-12-19,13,4,9797,5713
apache/kafka,2018-12-20,7,6,9804,5719
apache/kafka,2018-12-21,16,4,9820,5723
apache/kafka,2018-12-22,12,1,9832,5724
apache/kafka,2018-12-23,8,0,9840,5724
apache/kafka,2018-12-24,7,2,9847,5726
apache/kafka,2018-12-25,8,0,9855,5726
apache/kafka,2018-12-26,12,2,9867,5728
apache/kafka,2018-12-27,11,1,9878,5729
apache/kafka,2018-12-28,8,4,9886,5733
apache/kafka,2018-12-29,5,2,9891,5735
apache/kafka,2018-12-30,5,1,9896,5736
apache/kafka,2018-12-31,1,2,9897,5738
apache/kafka,2019-01-01,3,0,9900,5738
apache/kafka,2019-01-02,6,2,9906,5740
apache/kafka,2019-01-03,13,2,9919,5742
apache/kafka,2019-01-04,13,5,9932,5747
apache/kafka,2019-01-05,6,0,9938,5747
apache/kafka,2019-01-06,0,0,9938,5747
apache/kafka,2019-01-07,0,0,9938,5747
apache/kafka,2019-01-08,0,0,9938,5747
apache/kafka,2019-01-09,0,0,9938,5747
apache/kafka,2019-01-10,0,0,9938,5747
apache/kafka,2019-01-11,0,0,9938,5747
apache/kafka,2019-01-12,0,0,9938,5747
apache/kafka,2019-01-13,0,0,9938,5747
apache/kafka,2019-01-14,0,0,9938,5747
apache/kafka,2019-01-15,0,0,9938,5747
apache/kafka,2019-01-16,0,0,9938,5747
apache/kafka,2019-01-17,0,0,9938,5747
apache/kafka,2019-01-18,0,0,9938,5747
apache/kafka,2019-01-19,0,0,9938,5747
apache/kafka,2019-01-20,0,0,9938,5747
apache/kafka,2019-01-21,0,0,9938,5747
apache/kafka,2019-01-22,0,0,9938,5747
apache/kafka,2019-01-23,0,0,9938,5747
apache/kafka,2019-01-24,0,0,9938,5747
apache/kafka,2019-01-25,0,0,9938,5747
apache/kafka,2019-01-26,0,0,9938,5747
apache/kafka,2019-01-27,0,0,9938,5747
apache/kafka,2019-01-28,0,0,9938,5747
apache/kafka,2019-01-29,0,0,9938,5747
apache/kafka,2019-01-30,0,0,9938,5747
apache/kafka,2019-01-31,0,0,9938,5747
apache/kafka,2019-02-01,8,5,9946,5752
apache/kafka,2019-02-02,6,6,9952,5758
apache/kafka,2019-02-03,4,2,9956,5760
apache/kafka,2019-02-04,3,2,9959,5762
apache/kafka,2019-02-05,10,1,9969,5763
apache/kafka,2019-02-06,2,2,9971,5765
apache/kafka,2019-02-07,4,4,9975,5769
apache/kafka,2019-02-08,6,8,9981,5777
apache/kafka,2019-02-09,7,1,9988,5778
apache/kafka,2019-02-10,4,3,9992,5781
apache/kafka,2019-02-11,7,5,9999,5786
apache/kafka,2019-02-12,15,7,10014,5793
apache/kafka,2019-02-13,9,4,10023,5797
apache/kafka,2019-02-14,11,4,10034,5801
apache/kafka,2019-02-15,13,8,10047,5809
apache/kafka,2019-02-16,6,1,10053,5810
apache/kafka,2019-02-17,4,3,10057,5813
apache/kafka,2019-02-18,10,4,10067,5817
apache/kafka,2019-02-19,11,6,10078,5823
apache/kafka,2019-02-20,12,5,10090,5828
apache/kafka,2019-02-21,13,6,10103,5834
apache/kafka,2019-02-22,9,11,10112,5845
apache/kafka,2019-02-23,5,2,10117,5847
apache/kafka,2019-02-24,7,3,10124,5850
apache/kafka,2019-02-25,10,7,10134,5857
apache/kafka,2019-02-26,12,6,10146,5863
apache/kafka,2019-02-27,14,7,10160,5870
apache/kafka,2019-02-28,12,8,10172,5878
apache/kafka,2019-03-01,15,7,10187,5885
apache/kafka,2019-03-02,2,4,10189,5889
apache/kafka,2019-03-03,3,3,10192,5892
apache/kafka,2019-03-04,16,9,10208,5901
apache/kafka,2019-03-05,14,5,10222,5906
apache/kafka,2019-03-06,19,8,10241,5914
apache/kafka,2019-03-07,25,17,10266,5931
apache/kafka,2019-03-08,10,16,10276,5947
apache/kafka,2019-03-09,8,1,10284,5948
apache/kafka,2019-03-10,14,2,10298,5950
apache/kafka,2019-03-11,9,12,10307,5962
apache/kafka,2019-03-12,13,4,10320,5966
apache/kafka,2019-03-13,13,4,10333,5970
apache/kafka,2019-03-14,18,8,10351,5978
apache/kafka,2019-03-15,16,4,10367,5982
apache/kafka,2019-03-16,10,4,10377,5986
apache/kafka,2019-03-17,8,5,10385,5991
apache/kafka,2019-03-18,12,8,10397,5999
apache/kafka,2019-03-19,19,2,10416,6001
apache/kafka,2019-03-20,10,11,10426,6012
apache/kafka,2019-03-21,23,3,10449,6015
apache/kafka,2019-03-22,13,5,10462,6020
apache/kafka,2019-03-23,5,7,10467,6027
apache/kafka,2019-03-24,9,1,10476,6028
apache/kafka,2019-03-25,15,4,10491,6032
apache/kafka,2019-03-26,17,3,10508,6035
apache/kafka,2019-03-27,21,7,10529,6042
apache/kafka,2019-03-28,8,9,10537,6051
apache/kafka,2019-03-29,24,5,10561,6056
apache/kafka,2019-03-30,7,0,10568,6056
apache/kafka,2019-03-31,3,0,10571,6056
apache/kafka,2019-04-01,20,4,10591,6060
apache/kafka,2019-04-02,15,4,10606,6064
apache/kafka,2019-04-03,15,3,10621,6067
apache/kafka,2019-04-04,18,3,10639,6070
apache/kafka,2019-04-05,6,9,10645,6079
apache/kafka,2019-04-06,11,1,10656,6080
apache/kafka,2019-04-07,7,0,10663,6080
apache/kafka,2019-04-08,16,3,10679,6083
apache/kafka,2019-04-09,13,4,10692,6087
apache/kafka,2019-04-10,14,2,10706,6089
apache/kafka,2019-04-11,24,8,10730,6097
apache/kafka,2019-04-12,12,11,10742,6108
apache/kafka,2019-04-13,10,3,10752,6111
apache/kafka,2019-04-14,5,3,10757,6114
apache/kafka,2019-04-15,13,2,10770,6116
apache/kafka,2019-04-16,13,3,10783,6119
apache/kafka,2019-04-17,17,8,10800,6127
apache/kafka,2019-04-18,16,12,10816,6139
apache/kafka,2019-04-19,14,5,10830,6144
apache/kafka,2019-04-20,4,1,10834,6145
apache/kafka,2019-04-21,11,0,10845,6145
apache/kafka,2019-04-22,19,9,10864,6154
apache/kafka,2019-04-23,14,2,10878,6156
apache/kafka,2019-04-24,15,6,10893,6162
apache/kafka,2019-04-25,18,9,10911,6171
apache/kafka,2019-04-26,16,5,10927,6176
apache/kafka,2019-04-27,12,0,10939,6176
apache/kafka,2019-04-28,16,2,10955,6178
apache/kafka,2019-04-29,24,4,10979,6182
apache/kafka,2019-04-30,18,7,10997,6189
apache/kafka,2019-05-01,9,3,11006,6192
apache/kafka,2019-05-02,7,7,11013,6199
apache/kafka,2019-05-03,5,8,11018,6207
apache/kafka,2019-05-04,4,2,11022,6209
apache/kafka,2019-05-05,17,3,11039,6212
apache/kafka,2019-05-06,13,6,11052,6218
apache/kafka,2019-05-07,20,8,11072,6226
apache/kafka,2019-05-08,12,7,11084,6233
apache/kafka,2019-05-09,19,4,11103,6237
apache/kafka,2019-05-10,12,11,11115,6248
apache/kafka,2019-05-11,13,4,11128,6252
apache/kafka,2019-05-12,6,0,11134,6252
apache/kafka,2019-05-13,14,4,11148,6256
apache/kafka,2019-05-14,14,10,11162,6266
apache/kafka,2019-05-15,16,11,11178,6277
apache/kafka,2019-05-16,25,3,11203,6280
apache/kafka,2019-05-17,10,9,11213,6289
apache/kafka,2019-05-18,7,2,11220,6291
apache/kafka,2019-05-19,4,7,11224,6298
apache/kafka,2019-05-20,14,12,11238,6310
apache/kafka,2019-05-21,21,3,11259,6313
apache/kafka,2019-05-22,27,8,11286,6321
apache/kafka,2019-05-23,15,12,11301,6333
apache/kafka,2019-05-24,12,10,11313,6343
apache/kafka,2019-05-25,7,5,11320,6348
apache/kafka,2019-05-26,5,5,11325,6353
apache/kafka,2019-05-27,8,4,11333,6357
apache/kafka,2019-05-28,19,8,11352,6365
apache/kafka,2019-05-29,11,4,11363,6369
apache/kafka,2019-05-30,22,8,11385,6377
apache/kafka,2019-05-31,22,9,11407,6386
apache/kafka,2019-06-01,8,3,11415,6389
apache/kafka,2019-06-02,7,3,11422,6392
apache/kafka,2019-06-03,14,11,11436,6403
apache/kafka,2019-06-04,11,8,11447,6411
apache/kafka,2019-06-05,9,12,11456,6423
apache/kafka,2019-06-06,8,6,11464,6429
apache/kafka,2019-06-07,10,8,11474,6437
apache/kafka,2019-06-08,6,2,11480,6439
apache/kafka,2019-06-09,4,0,11484,6439
apache/kafka,2019-06-10,12,3,11496,6442
apache/kafka,2019-06-11,13,6,11509,6448
apache/kafka,2019-06-12,17,10,11526,6458
apache/kafka,2019-06-13,20,10,11546,6468
apache/kafka,2019-06-14,12,3,11558,6471
apache/kafka,2019-06-15,7,4,11565,6475
apache/kafka,2019-06-16,11,3,11576,6478
apache/kafka,2019-06-17,9,10,11585,6488
apache/kafka,2019-06-18,12,8,11597,6496
apache/kafka,2019-06-19,13,6,11610,6502
apache/kafka,2019-06-20,15,4,11625,6506
apache/kafka,2019-06-21,11,7,11636,6513
apache/kafka,2019-06-22,9,1,11645,6514
apache/kafka,2019-06-23,8,3,11653,6517
apache/kafka,2019-06-24,11,7,11664,6524
apache/kafka,2019-06-25,12,4,11676,6528
apache/kafka,2019-06-26,13,6,11689,6534
apache/kafka,2019-06-27,18,4,11707,6538
apache/kafka,2019-06-28,16,5,11723,6543
apache/kafka,2019-06-29,2,3,11725,6546
apache/kafka,2019-06-30,8,1,11733,6547
apache/kafka,2019-07-01,19,4,11752,6551
apache/kafka,2019-07-02,18,5,11770,6556
apache/kafka,2019-07-03,26,5,11796,6561
apache/kafka,2019-07-04,14,4,11810,6565
apache/kafka,2019-07-05,17,2,11827,6567
apache/kafka,2019-07-06,7,0,11834,6567
apache/kafka,2019-07-07,6,2,11840,6569
apache/kafka,2019-07-08,11,13,11851,6582
apache/kafka,2019-07-09,18,7,11869,6589
apache/kafka,2019-07-10,11,11,11880,6600
apache/kafka,2019-07-11,16,6,11896,6606
apache/kafka,2019-07-12,19,8,11915,6614
apache/kafka,2019-07-13,6,1,11921,6615
apache/kafka,2019-07-14,2,1,11923,6616
apache/kafka,2019-07-15,8,7,11931,6623
apache/kafka,2019-07-16,10,2,11941,6625
apache/kafka,2019-07-17,18,3,11959,6628
apache/kafka,2019-07-18,18,2,11977,6630
apache/kafka,2019-07-19,88,2,12065,6632
apache/kafka,2019-07-20,37,0,12102,6632
apache/kafka,2019-07-21,17,0,12119,6632
apache/kafka,2019-07-22,19,2,12138,6634
apache/kafka,2019-07-23,18,1,12156,6635
apache/kafka,2019-07-24,8,3,12164,6638
apache/kafka,2019-07-25,15,8,12179,6646
apache/kafka,2019-07-26,23,4,12202,6650
apache/kafka,2019-07-27,10,3,12212,6653
apache/kafka,2019-07-28,4,2,12216,6655
apache/kafka,2019-07-29,18,6,12234,6661
apache/kafka,2019-07-30,14,8,12248,6669
apache/kafka,2019-07-31,17,2,12265,6671
apache/kafka,2019-08-01,14,10,12279,6681
apache/kafka,2019-08-02,13,5,12292,6686
apache/kafka,2019-08-03,8,2,12300,6688
apache/kafka,2019-08-04,5,0,12305,6688
apache/kafka,2019-08-05,16,5,12321,6693
apache/kafka,2019-08-06,21,9,12342,6702
apache/kafka,2019-08-07,12,4,12354,6706
apache/kafka,2019-08-08,18,4,12372,6710
apache/kafka,2019-08-09,16,8,12388,6718
apache/kafka,2019-08-10,6,2,12394,6720
apache/kafka,2019-08-11,9,5,12403,6725
apache/kafka,2019-08-12,8,4,12411,6729
apache/kafka,2019-08-13,12,8,12423,6737
apache/kafka,2019-08-14,14,7,12437,6744
apache/kafka,2019-08-15,10,2,12447,6746
apache/kafka,2019-08-16,13,1,12460,6747
apache/kafka,2019-08-17,13,2,12473,6749
apache/kafka,2019-08-18,5,0,12478,6749
apache/kafka,2019-08-19,19,5,12497,6754
apache/kafka,2019-08-20,19,2,12516,6756
apache/kafka,2019-08-21,13,8,12529,6764
apache/kafka,2019-08-22,12,7,12541,6771
apache/kafka,2019-08-23,8,6,12549,6777
apache/kafka,2019-08-24,4,2,12553,6779
apache/kafka,2019-08-25,5,2,12558,6781
apache/kafka,2019-08-26,14,1,12572,6782
apache/kafka,2019-08-27,16,1,12588,6783
apache/kafka,2019-08-28,9,5,12597,6788
apache/kafka,2019-08-29,15,6,12612,6794
apache/kafka,2019-08-30,13,2,12625,6796
apache/kafka,2019-08-31,9,0,12634,6796
apache/kafka,2019-09-01,8,0,12642,6796
apache/kafka,2019-09-02,14,3,12656,6799
apache/kafka,2019-09-03,13,11,12669,6810
apache/kafka,2019-09-04,13,6,12682,6816
apache/kafka,2019-09-05,17,7,12699,6823
apache/kafka,2019-09-06,15,6,12714,6829
apache/kafka,2019-09-07,10,3,12724,6832
apache/kafka,2019-09-08,10,0,12734,6832
apache/kafka,2019-09-09,14,5,12748,6837
apache/kafka,2019-09-10,22,2,12770,6839
apache/kafka,2019-09-11,12,5,12782,6844
apache/kafka,2019-09-12,5,0,12787,6844
apache/kafka,2019-09-13,2,2,12789,6846
apache/kafka,2019-09-14,9,2,12798,6848
apache/kafka,2019-09-15,5,1,12803,6849
apache/kafka,2019-09-16,10,13,12813,6862
apache/kafka,2019-09-17,10,7,12823,6869
apache/kafka,2019-09-18,13,12,12836,6881
apache/kafka,2019-09-19,20,6,12856,6887
apache/kafka,2019-09-20,13,4,12869,6891
apache/kafka,2019-09-21,5,0,12874,6891
apache/kafka,2019-09-22,4,0,12878,6891
apache/kafka,2019-09-23,10,1,12888,6892
apache/kafka,2019-09-24,13,7,12901,6899
apache/kafka,2019-09-25,12,7,12913,6906
apache/kafka,2019-09-26,8,9,12921,6915
apache/kafka,2019-09-27,15,5,12936,6920
apache/kafka,2019-09-28,7,2,12943,6922
apache/kafka,2019-09-29,9,7,12952,6929
apache/kafka,2019-09-30,10,9,12962,6938
apache/kafka,2019-10-01,5,5,12967,6943
apache/kafka,2019-10-02,4,8,12971,6951
apache/kafka,2019-10-03,8,5,12979,6956
apache/kafka,2019-10-04,9,8,12988,6964
apache/kafka,2019-10-05,3,0,12991,6964
apache/kafka,2019-10-06,3,2,12994,6966
apache/kafka,2019-10-07,11,9,13005,6975
apache/kafka,2019-10-08,6,9,13011,6984
apache/kafka,2019-10-09,13,10,13024,6994
apache/kafka,2019-10-10,15,12,13039,7006
apache/kafka,2019-10-11,11,10,13050,7016
apache/kafka,2019-10-12,10,2,13060,7018
apache/kafka,2019-10-13,8,1,13068,7019
apache/kafka,2019-10-14,11,7,13079,7026
apache/kafka,2019-10-15,14,12,13093,7038
apache/kafka,2019-10-16,14,12,13107,7050
apache/kafka,2019-10-17,17,12,13124,7062
apache/kafka,2019-10-18,17,6,13141,7068
apache/kafka,2019-10-19,8,5,13149,7073
apache/kafka,2019-10-20,8,3,13157,7076
apache/kafka,2019-10-21,19,8,13176,7084
apache/kafka,2019-10-22,6,7,13182,7091
apache/kafka,2019-10-23,8,7,13190,7098
apache/kafka,2019-10-24,8,5,13198,7103
apache/kafka,2019-10-25,9,5,13207,7108
apache/kafka,2019-10-26,4,0,13211,7108
apache/kafka,2019-10-27,3,2,13214,7110
apache/kafka,2019-10-28,11,5,13225,7115
apache/kafka,2019-10-29,16,6,13241,7121
apache/kafka,2019-10-30,13,4,13254,7125
apache/kafka,2019-10-31,11,12,13265,7137
apache/kafka,2019-11-01,16,5,13281,7142
apache/kafka,2019-11-02,1,1,13282,7143
apache/kafka,2019-11-03,8,1,13290,7144
apache/kafka,2019-11-04,12,9,13302,7153
apache/kafka,2019-11-05,8,4,13310,7157
apache/kafka,2019-11-06,18,10,13328,7167
apache/kafka,2019-11-07,20,3,13348,7170
apache/kafka,2019-11-08,20,10,13368,7180
apache/kafka,2019-11-09,5,3,13373,7183
apache/kafka,2019-11-10,6,0,13379,7183
apache/kafka,2019-11-11,6,6,13385,7189
apache/kafka,2019-11-12,12,2,13397,7191
apache/kafka,2019-11-13,13,6,13410,7197
apache/kafka,2019-11-14,16,3,13426,7200
apache/kafka,2019-11-15,14,3,13440,7203
apache/kafka,2019-11-16,5,6,13445,7209
apache/kafka,2019-11-17,3,3,13448,7212
apache/kafka,2019-11-18,11,5,13459,7217
apache/kafka,2019-11-19,12,7,13471,7224
apache/kafka,2019-11-20,11,7,13482,7231
apache/kafka,2019-11-21,9,9,13491,7240
apache/kafka,2019-11-22,15,6,13506,7246
apache/kafka,2019-11-23,4,5,13510,7251
apache/kafka,2019-11-24,3,1,13513,7252
apache/kafka,2019-11-25,10,2,13523,7254
apache/kafka,2019-11-26,12,5,13535,7259
apache/kafka,2019-11-27,12,6,13547,7265
apache/kafka,2019-11-28,8,4,13555,7269
apache/kafka,2019-11-29,12,1,13567,7270
apache/kafka,2019-11-30,8,0,13575,7270
apache/kafka,2019-12-01,11,2,13586,7272
apache/kafka,2019-12-02,11,3,13597,7275
apache/kafka,2019-12-03,14,7,13611,7282
apache/kafka,2019-12-04,13,7,13624,7289
apache/kafka,2019-12-05,15,4,13639,7293
apache/kafka,2019-12-06,16,8,13655,7301
apache/kafka,2019-12-07,6,4,13661,7305
apache/kafka,2019-12-08,8,1,13669,7306
apache/kafka,2019-12-09,14,9,13683,7315
apache/kafka,2019-12-10,16,4,13699,7319
apache/kafka,2019-12-11,12,9,13711,7328
apache/kafka,2019-12-12,11,5,13722,7333
apache/kafka,2019-12-13,11,5,13733,7338
apache/kafka,2019-12-14,13,1,13746,7339
apache/kafka,2019-12-15,5,0,13751,7339
apache/kafka,2019-12-16,10,5,13761,7344
apache/kafka,2019-12-17,14,8,13775,7352
apache/kafka,2019-12-18,10,5,13785,7357
apache/kafka,2019-12-19,14,6,13799,7363
apache/kafka,2019-12-20,19,1,13818,7364
apache/kafka,2019-12-21,13,0,13831,7364
apache/kafka,2019-12-22,4,1,13835,7365
apache/kafka,2019-12-23,18,7,13853,7372
apache/kafka,2019-12-24,8,3,13861,7375
apache/kafka,2019-12-25,10,1,13871,7376
apache/kafka,2019-12-26,12,1,13883,7377
apache/kafka,2019-12-27,7,2,13890,7379
apache/kafka,2019-12-28,5,0,13895,7379
apache/kafka,2019-12-29,5,0,13900,7379
apache/kafka,2019-12-30,14,6,13914,7385
apache/kafka,2019-12-31,3,1,13917,7386
apache/kafka,2020-01-01,6,3,13923,7389
apache/kafka,2020-01-02,14,4,13937,7393
apache/kafka,2020-01-03,12,7,13949,7400
apache/kafka,2020-01-04,9,2,13958,7402
apache/kafka,2020-01-05,4,1,13962,7403
apache/kafka,2020-01-06,8,2,13970,7405
apache/kafka,2020-01-07,12,6,13982,7411
apache/kafka,2020-01-08,10,6,13992,7417
apache/kafka,2020-01-09,8,11,14000,7428
apache/kafka,2020-01-10,10,8,14010,7436
apache/kafka,2020-01-11,7,1,14017,7437
apache/kafka,2020-01-12,7,10,14024,7447
apache/kafka,2020-01-13,6,9,14030,7456
apache/kafka,2020-01-14,15,10,14045,7466
apache/kafka,2020-01-15,0,0,14045,7466
apache/kafka,2020-01-16,0,0,14045,7466
apache/kafka,2020-01-17,0,0,14045,7466
apache/kafka,2020-01-18,0,0,14045,7466
apache/kafka,2020-01-19,0,0,14045,7466
apache/kafka,2020-01-20,0,0,14045,7466
apache/kafka,2020-01-21,0,0,14045,7466
apache/kafka,2020-01-22,0,0,14045,7466
apache/kafka,2020-01-23,0,0,14045,7466
apache/kafka,2020-01-24,0,0,14045,7466
apache/kafka,2020-01-25,0,0,14045,7466
apache/kafka,2020-01-26,0,0,14045,7466
apache/kafka,2020-01-27,0,0,14045,7466
apache/kafka,2020-01-28,0,0,14045,7466
apache/kafka,2020-01-29,0,0,14045,7466
apache/kafka,2020-01-30,0,0,14045,7466
apache/kafka,2020-01-31,0,0,14045,7466
apache/kafka,2020-02-01,4,4,14049,7470
apache/kafka,2020-02-02,4,2,14053,7472
apache/kafka,2020-02-03,6,2,14059,7474
apache/kafka,2020-02-04,6,2,14065,7476
apache/kafka,2020-02-05,3,10,14068,7486
apache/kafka,2020-02-06,10,9,14078,7495
apache/kafka,2020-02-07,5,9,14083,7504
apache/kafka,2020-02-08,5,9,14088,7513
apache/kafka,2020-02-09,1,0,14089,7513
apache/kafka,2020-02-10,8,8,14097,7521
apache/kafka,2020-02-11,6,9,14103,7530
apache/kafka,2020-02-12,8,9,14111,7539
apache/kafka,2020-02-13,2,15,14113,7554
apache/kafka,2020-02-14,3,3,14116,7557
apache/kafka,2020-02-15,6,6,14122,7563
apache/kafka,2020-02-16,10,1,14132,7564
apache/kafka,2020-02-17,10,3,14142,7567
apache/kafka,2020-02-18,11,7,14153,7574
apache/kafka,2020-02-19,11,3,14164,7577
apache/kafka,2020-02-20,5,5,14169,7582
apache/kafka,2020-02-21,11,11,14180,7593
apache/kafka,2020-02-22,6,3,14186,7596
apache/kafka,2020-02-23,7,0,14193,7596
apache/kafka,2020-02-24,5,3,14198,7599
apache/kafka,2020-02-25,11,7,14209,7606
apache/kafka,2020-02-26,9,10,14218,7616
apache/kafka,2020-02-27,18,9,14236,7625
apache/kafka,2020-02-28,11,4,14247,7629
apache/kafka,2020-02-29,9,4,14256,7633
apache/kafka,2020-03-01,11,3,14267,7636
apache/kafka,2020-03-02,7,8,14274,7644
apache/kafka,2020-03-03,13,8,14287,7652
apache/kafka,2020-03-04,13,9,14300,7661
apache/kafka,2020-03-05,11,9,14311,7670
apache/kafka,2020-03-06,12,11,14323,7681
apache/kafka,2020-03-07,8,6,14331,7687
apache/kafka,2020-03-08,11,2,14342,7689
apache/kafka,2020-03-09,14,5,14356,7694
apache/kafka,2020-03-10,9,9,14365,7703
apache/kafka,2020-03-11,12,14,14377,7717
apache/kafka,2020-03-12,5,8,14382,7725
apache/kafka,2020-03-13,8,8,14390,7733
apache/kafka,2020-03-14,12,2,14402,7735
apache/kafka,2020-03-15,9,2,14411,7737
apache/kafka,2020-03-16,16,3,14427,7740
apache/kafka,2020-03-17,10,5,14437,7745
apache/kafka,2020-03-18,13,3,14450,7748
apache/kafka,2020-03-19,9,6,14459,7754
apache/kafka,2020-03-20,11,3,14470,7757
apache/kafka,2020-03-21,11,4,14481,7761
apache/kafka,2020-03-22,7,4,14488,7765
apache/kafka,2020-03-23,8,5,14496,7770
apache/kafka,2020-03-24,5,7,14501,7777
apache/kafka,2020-03-25,16,14,14517,7791
apache/kafka,2020-03-26,7,13,14524,7804
apache/kafka,2020-03-27,7,10,14531,7814
apache/kafka,2020-03-28,11,3,14542,7817
apache/kafka,2020-03-29,4,1,14546,7818
apache/kafka,2020-03-30,12,7,14558,7825
apache/kafka,2020-03-31,11,9,14569,7834
apache/kafka,2020-04-01,18,5,14587,7839
apache/kafka,2020-04-02,17,4,14604,7843
apache/kafka,2020-04-03,15,13,14619,7856
apache/kafka,2020-04-04,10,6,14629,7862
apache/kafka,2020-04-05,9,3,14638,7865
apache/kafka,2020-04-06,7,5,14645,7870
apache/kafka,2020-04-07,8,6,14653,7876
apache/kafka,2020-04-08,10,10,14663,7886
apache/kafka,2020-04-09,10,8,14673,7894
apache/kafka,2020-04-10,12,4,14685,7898
apache/kafka,2020-04-11,10,3,14695,7901
apache/kafka,2020-04-12,10,7,14705,7908
apache/kafka,2020-04-13,15,2,14720,7910
apache/kafka,2020-04-14,14,12,14734,7922
apache/kafka,2020-04-15,13,7,14747,7929
apache/kafka,2020-04-16,16,9,14763,7938
apache/kafka,2020-04-17,18,4,14781,7942
apache/kafka,2020-04-18,13,6,14794,7948
apache/kafka,2020-04-19,14,5,14808,7953
apache/kafka,2020-04-20,12,5,14820,7958
apache/kafka,2020-04-21,14,3,14834,7961
apache/kafka,2020-04-22,15,10,14849,7971
apache/kafka,2020-04-23,13,5,14862,7976
apache/kafka,2020-04-24,11,6,14873,7982
apache/kafka,2020-04-25,10,7,14883,7989
apache/kafka,2020-04-26,10,2,14893,7991
apache/kafka,2020-04-27,12,11,14905,8002
apache/kafka,2020-04-28,13,11,14918,8013
apache/kafka,2020-04-29,18,8,14936,8021
apache/kafka,2020-04-30,14,9,14950,8030
apache/kafka,2020-05-01,10,6,14960,8036
apache/kafka,2020-05-02,5,2,14965,8038
apache/kafka,2020-05-03,4,4,14969,8042
apache/kafka,2020-05-04,8,7,14977,8049
apache/kafka,2020-05-05,11,6,14988,8055
apache/kafka,2020-05-06,15,8,15003,8063
apache/kafka,2020-05-07,13,2,15016,8065
apache/kafka,2020-05-08,21,4,15037,8069
apache/kafka,2020-05-09,22,4,15059,8073
apache/kafka,2020-05-10,6,6,15065,8079
apache/kafka,2020-05-11,6,2,15071,8081
apache/kafka,2020-05-12,11,16,15082,8097
apache/kafka,2020-05-13,10,2,15092,8099
apache/kafka,2020-05-14,12,5,15104,8104
apache/kafka,2020-05-15,9,8,15113,8112
apache/kafka,2020-05-16,14,0,15127,8112
apache/kafka,2020-05-17,13,5,15140,8117
apache/kafka,2020-05-18,12,9,15152,8126
apache/kafka,2020-05-19,10,5,15162,8131
apache/kafka,2020-05-20,11,5,15173,8136
apache/kafka,2020-05-21,9,9,15182,8145
apache/kafka,2020-05-22,14,8,15196,8153
apache/kafka,2020-05-23,4,2,15200,8155
apache/kafka,2020-05-24,9,1,15209,8156
apache/kafka,2020-05-25,19,3,15228,8159
apache/kafka,2020-05-26,10,4,15238,8163
apache/kafka,2020-05-27,13,7,15251,8170
apache/kafka,2020-05-28,8,13,15259,8183
apache/kafka,2020-05-29,12,10,15271,8193
apache/kafka,2020-05-30,10,3,15281,8196
apache/kafka,2020-05-31,3,5,15284,8201
apache/kafka,2020-06-01,13,6,15297,8207
apache/kafka,2020-06-02,22,13,15319,8220
apache/kafka,2020-06-03,10,12,15329,8232
apache/kafka,2020-06-04,18,4,15347,8236
apache/kafka,2020-06-05,10,17,15357,8253
apache/kafka,2020-06-06,5,4,15362,8257
apache/kafka,2020-06-07,9,6,15371,8263
apache/kafka,2020-06-08,17,3,15388,8266
apache/kafka,2020-06-09,12,8,15400,8274
apache/kafka,2020-06-10,9,4,15409,8278
apache/kafka,2020-06-11,20,8,15429,8286
apache/kafka,2020-06-12,19,9,15448,8295
apache/kafka,2020-06-13,11,6,15459,8301
apache/kafka,2020-06-14,13,1,15472,8302
apache/kafka,2020-06-15,10,4,15482,8306
apache/kafka,2020-06-16,9,9,15491,8315
apache/kafka,2020-06-17,17,6,15508,8321
apache/kafka,2020-06-18,15,10,15523,8331
apache/kafka,2020-06-19,8,5,15531,8336
apache/kafka,2020-06-20,11,3,15542,8339
apache/kafka,2020-06-21,9,1,15551,8340
apache/kafka,2020-06-22,11,2,15562,8342
apache/kafka,2020-06-23,15,9,15577,8351
apache/kafka,2020-06-24,12,4,15589,8355
apache/kafka,2020-06-25,4,7,15593,8362
apache/kafka,2020-06-26,9,2,15602,8364
apache/kafka,2020-06-27,7,6,15609,8370
apache/kafka,2020-06-28,7,3,15616,8373
apache/kafka,2020-06-29,7,11,15623,8384
apache/kafka,2020-06-30,8,9,15631,8393
apache/kafka,2020-07-01,16,11,15647,8404
apache/kafka,2020-07-02,6,3,15653,8407
apache/kafka,2020-07-03,13,3,15666,8410
apache/kafka,2020-07-04,5,0,15671,8410
apache/kafka,2020-07-05,7,3,15678,8413
apache/kafka,2020-07-06,13,7,15691,8420
apache/kafka,2020-07-07,18,1,15709,8421
apache/kafka,2020-07-08,9,6,15718,8427
apache/kafka,2020-07-09,15,8,15733,8435
apache/kafka,2020-07-10,8,6,15741,8441
apache/kafka,2020-07-11,6,0,15747,8441
apache/kafka,2020-07-12,1,1,15748,8442
apache/kafka,2020-07-13,15,3,15763,8445
apache/kafka,2020-07-14,11,11,15774,8456
apache/kafka,2020-07-15,13,3,15787,8459
apache/kafka,2020-07-16,6,4,15793,8463
apache/kafka,2020-07-17,18,7,15811,8470
apache/kafka,2020-07-18,8,2,15819,8472
apache/kafka,2020-07-19,9,1,15828,8473
apache/kafka,2020-07-20,7,4,15835,8477
apache/kafka,2020-07-21,11,3,15846,8480
apache/kafka,2020-07-22,13,9,15859,8489
apache/kafka,2020-07-23,18,10,15877,8499
apache/kafka,2020-07-24,12,7,15889,8506
apache/kafka,2020-07-25,7,5,15896,8511
apache/kafka,2020-07-26,3,2,15899,8513
apache/kafka,2020-07-27,9,7,15908,8520
apache/kafka,2020-07-28,19,4,15927,8524
apache/kafka,2020-07-29,9,8,15936,8532
apache/kafka,2020-07-30,16,6,15952,8538
apache/kafka,2020-07-31,7,2,15959,8540
apache/kafka,2020-08-01,3,1,15962,8541
apache/kafka,2020-08-02,9,2,15971,8543
apache/kafka,2020-08-03,13,4,15984,8547
apache/kafka,2020-08-04,11,11,15995,8558
apache/kafka,2020-08-05,17,3,16012,8561
apache/kafka,2020-08-06,19,2,16031,8563
apache/kafka,2020-08-07,12,12,16043,8575
apache/kafka,2020-08-08,9,2,16052,8577
apache/kafka,2020-08-09,9,1,16061,8578
apache/kafka,2020-08-10,6,10,16067,8588
apache/kafka,2020-08-11,10,9,16077,8597
apache/kafka,2020-08-12,10,7,16087,8604
apache/kafka,2020-08-13,8,4,16095,8608
apache/kafka,2020-08-14,10,7,16105,8615
apache/kafka,2020-08-15,0,1,16105,8616
apache/kafka,2020-08-16,6,2,16111,8618
apache/kafka,2020-08-17,13,6,16124,8624
apache/kafka,2020-08-18,12,6,16136,8630
apache/kafka,2020-08-19,12,2,16148,8632
apache/kafka,2020-08-20,6,3,16154,8635
apache/kafka,2020-08-21,3,0,16157,8635
apache/kafka,2020-08-22,0,0,16157,8635
apache/kafka,2020-08-23,0,1,16157,8636
apache/kafka,2020-08-24,14,6,16171,8642
apache/kafka,2020-08-25,13,4,16184,8646
apache/kafka,2020-08-26,15,4,16199,8650
apache/kafka,2020-08-27,13,3,16212,8653
apache/kafka,2020-08-28,14,0,16226,8653
apache/kafka,2020-08-29,9,2,16235,8655
apache/kafka,2020-08-30,5,2,16240,8657
apache/kafka,2020-08-31,11,4,16251,8661
apache/kafka,2020-09-01,10,4,16261,8665
apache/kafka,2020-09-02,10,9,16271,8674
apache/kafka,2020-09-03,14,1,16285,8675
apache/kafka,2020-09-04,10,4,16295,8679
apache/kafka,2020-09-05,6,3,16301,8682
apache/kafka,2020-09-06,4,0,16305,8682
apache/kafka,2020-09-07,9,3,16314,8685
apache/kafka,2020-09-08,10,9,16324,8694
apache/kafka,2020-09-09,12,9,16336,8703
apache/kafka,2020-09-10,18,2,16354,8705
apache/kafka,2020-09-11,14,1,16368,8706
apache/kafka,2020-09-12,5,1,16373,8707
apache/kafka,2020-09-13,14,1,16387,8708
apache/kafka,2020-09-14,6,4,16393,8712
apache/kafka,2020-09-15,14,3,16407,8715
apache/kafka,2020-09-16,9,6,16416,8721
apache/kafka,2020-09-17,14,4,16430,8725
apache/kafka,2020-09-18,11,8,16441,8733
apache/kafka,2020-09-19,6,3,16447,8736
apache/kafka,2020-09-20,6,0,16453,8736
apache/kafka,2020-09-21,8,5,16461,8741
apache/kafka,2020-09-22,12,5,16473,8746
apache/kafka,2020-09-23,9,8,16482,8754
apache/kafka,2020-09-24,15,7,16497,8761
apache/kafka,2020-09-25,10,1,16507,8762
apache/kafka,2020-09-26,5,2,16512,8764
apache/kafka,2020-09-27,8,0,16520,8764
apache/kafka,2020-09-28,7,6,16527,8770
apache/kafka,2020-09-29,12,7,16539,8777
apache/kafka,2020-09-30,5,3,16544,8780
apache/kafka,2020-10-01,4,6,16548,8786
apache/kafka,2020-10-02,4,4,16552,8790
apache/kafka,2020-10-03,8,2,16560,8792
apache/kafka,2020-10-04,7,3,16567,8795
apache/kafka,2020-10-05,5,5,16572,8800
apache/kafka,2020-10-06,6,10,16578,8810
apache/kafka,2020-10-07,7,3,16585,8813
apache/kafka,2020-10-08,10,8,16595,8821
apache/kafka,2020-10-09,9,9,16604,8830
apache/kafka,2020-10-10,9,1,16613,8831
apache/kafka,2020-10-11,4,5,16617,8836
apache/kafka,2020-10-12,10,5,16627,8841
apache/kafka,2020-10-13,4,11,16631,8852
apache/kafka,2020-10-14,6,9,16637,8861
apache/kafka,2020-10-15,8,8,16645,8869
apache/kafka,2020-10-16,11,3,16656,8872
apache/kafka,2020-10-17,3,0,16659,8872
apache/kafka,2020-10-18,3,1,16662,8873
apache/kafka,2020-10-19,14,5,16676,8878
apache/kafka,2020-10-20,11,10,16687,8888
apache/kafka,2020-10-21,12,11,16699,8899
apache/kafka,2020-10-22,5,7,16704,8906
apache/kafka,2020-10-23,7,4,16711,8910
apache/kafka,2020-10-24,6,8,16717,8918
apache/kafka,2020-10-25,7,2,16724,8920
apache/kafka,2020-10-26,12,8,16736,8928
apache/kafka,2020-10-27,13,7,16749,8935
apache/kafka,2020-10-28,5,10,16754,8945
apache/kafka,2020-10-29,12,9,16766,8954
apache/kafka,2020-10-30,6,4,16772,8958
apache/kafka,2020-10-31,7,3,16779,8961
apache/kafka,2020-11-01,8,0,16787,8961
apache/kafka,2020-11-02,7,4,16794,8965
apache/kafka,2020-11-03,6,10,16800,8975
apache/kafka,2020-11-04,9,3,16809,8978
apache/kafka,2020-11-05,13,10,16822,8988
apache/kafka,2020-11-06,9,6,16831,8994
apache/kafka,2020-11-07,10,2,16841,8996
apache/kafka,2020-11-08,8,0,16849,8996
apache/kafka,2020-11-09,9,6,16858,9002
apache/kafka,2020-11-10,12,3,16870,9005
apache/kafka,2020-11-11,13,3,16883,9008
apache/kafka,2020-11-12,11,4,16894,9012
apache/kafka,2020-11-13,5,3,16899,9015
apache/kafka,2020-11-14,7,1,16906,9016
apache/kafka,2020-11-15,5,1,16911,9017
apache/kafka,2020-11-16,7,5,16918,9022
apache/kafka,2020-11-17,8,5,16926,9027
apache/kafka,2020-11-18,13,12,16939,9039
apache/kafka,2020-11-19,10,6,16949,9045
apache/kafka,2020-11-20,8,8,16957,9053
apache/kafka,2020-11-21,2,3,16959,9056
apache/kafka,2020-11-22,9,3,16968,9059
apache/kafka,2020-11-23,10,6,16978,9065
apache/kafka,2020-11-24,7,3,16985,9068
apache/kafka,2020-11-25,15,7,17000,9075
apache/kafka,2020-11-26,10,1,17010,9076
apache/kafka,2020-11-27,19,2,17029,9078
apache/kafka,2020-11-28,7,1,17036,9079
apache/kafka,2020-11-29,5,0,17041,9079
apache/kafka,2020-11-30,8,3,17049,9082
apache/kafka,2020-12-01,16,7,17065,9089
apache/kafka,2020-12-02,19,8,17084,9097
apache/kafka,2020-12-03,12,5,17096,9102
apache/kafka,2020-12-04,18,15,17114,9117
apache/kafka,2020-12-05,7,5,17121,9122
apache/kafka,2020-12-06,7,2,17128,9124
apache/kafka,2020-12-07,10,5,17138,9129
apache/kafka,2020-12-08,11,5,17149,9134
apache/kafka,2020-12-09,13,5,17162,9139
apache/kafka,2020-12-10,14,9,17176,9148
apache/kafka,2020-12-11,10,7,17186,9155
apache/kafka,2020-12-12,3,2,17189,9157
apache/kafka,2020-12-13,4,6,17193,9163
apache/kafka,2020-12-14,6,6,17199,9169
apache/kafka,2020-12-15,14,7,17213,9176
apache/kafka,2020-12-16,15,5,17228,9181
apache/kafka,2020-12-17,16,2,17244,9183
apache/kafka,2020-12-18,12,3,17256,9186
apache/kafka,2020-12-19,6,3,17262,9189
apache/kafka,2020-12-20,5,0,17267,9189
apache/kafka,2020-12-21,7,4,17274,9193
apache/kafka,2020-12-22,10,7,17284,9200
apache/kafka,2020-12-23,8,3,17292,9203
apache/kafka,2020-12-24,9,2,17301,9205
apache/kafka,2020-12-25,10,3,17311,9208
apache/kafka,2020-12-26,5,0,17316,9208
apache/kafka,2020-12-27,10,1,17326,9209
apache/kafka,2020-12-28,11,2,17337,9211
apache/kafka,2020-12-29,7,4,17344,9215
apache/kafka,2020-12-30,9,8,17353,9223
apache/kafka,2020-12-31,4,2,17357,9225
apache/kafka,2021-01-01,12,12,17369,9237
apache/kafka,2021-01-02,22,6,17391,9243
apache/kafka,2021-01-03,16,8,17407,9251
apache/kafka,2021-01-04,22,4,17429,9255
apache/kafka,2021-01-05,26,12,17455,9267
apache/kafka,2021-01-06,18,18,17473,9285
apache/kafka,2021-01-07,20,14,17493,9299
apache/kafka,2021-01-08,8,10,17501,9309
apache/kafka,2021-01-09,8,2,17509,9311
apache/kafka,2021-01-10,10,8,17519,9319
apache/kafka,2021-01-11,12,24,17531,9343
apache/kafka,2021-01-12,8,18,17539,9361
apache/kafka,2021-01-13,28,10,17567,9371
apache/kafka,2021-01-14,16,40,17583,9411
apache/kafka,2021-01-15,22,30,17605,9441
apache/kafka,2021-01-16,14,6,17619,9447
apache/kafka,2021-01-17,6,4,17625,9451
apache/kafka,2021-01-18,30,10,17655,9461
apache/kafka,2021-01-19,18,14,17673,9475
apache/kafka,2021-01-20,34,15,17707,9490
apache/kafka,2021-01-21,24,14,17731,9504
apache/kafka,2021-01-22,36,6,17767,9510
apache/kafka,2021-01-23,12,6,17779,9516
apache/kafka,2021-01-24,10,8,17789,9524
apache/kafka,2021-01-25,32,22,17821,9546
apache/kafka,2021-01-26,14,10,17835,9556
apache/kafka,2021-01-27,18,26,17853,9582
apache/kafka,2021-01-28,22,12,17875,9594
apache/kafka,2021-01-29,6,24,17881,9618
apache/kafka,2021-01-30,6,0,17887,9618
apache/kafka,2021-01-31,10,4,17897,9622
apache/kafka,2021-02-01,10,12,17907,9634
apache/kafka,2021-02-02,12,9,17919,9643
apache/kafka,2021-02-03,16,16,17935,9659
apache/kafka,2021-02-04,6,16,17941,9675
apache/kafka,2021-02-05,16,10,17957,9685
apache/kafka,2021-02-06,5,2,17962,9687
apache/kafka,2021-02-07,10,4,17972,9691
apache/kafka,2021-02-08,12,6,17984,9697
apache/kafka,2021-02-09,9,10,17993,9707
apache/kafka,2021-02-10,6,12,17999,9719
apache/kafka,2021-02-11,7,7,18006,9726
apache/kafka,2021-02-12,7,9,18013,9735
apache/kafka,2021-02-13,3,1,18016,9736
apache/kafka,2021-02-14,9,2,18025,9738
apache/kafka,2021-02-15,9,2,18034,9740
apache/kafka,2021-02-16,4,6,18038,9746
apache/kafka,2021-02-17,8,10,18046,9756
apache/kafka,2021-02-18,10,13,18056,9769
apache/kafka,2021-02-19,7,7,18063,9776
apache/kafka,2021-02-20,8,6,18071,9782
apache/kafka,2021-02-21,4,1,18075,9783
apache/kafka,2021-02-22,8,11,18083,9794
apache/kafka,2021-02-23,14,18,18097,9812
apache/kafka,2021-02-24,11,6,18108,9818
apache/kafka,2021-02-25,15,6,18123,9824
apache/kafka,2021-02-26,8,14,18131,9838
apache/kafka,2021-02-27,5,5,18136,9843
apache/kafka,2021-02-28,3,1,18139,9844
apache/kafka,2021-03-01,11,7,18150,9851
apache/kafka,2021-03-02,13,10,18163,9861
apache/kafka,2021-03-03,8,5,18171,9866
apache/kafka,2021-03-04,17,12,18188,9878
apache/kafka,2021-03-05,7,6,18195,9884
apache/kafka,2021-03-06,9,2,18204,9886
apache/kafka,2021-03-07,6,0,18210,9886
apache/kafka,2021-03-08,13,8,18223,9894
apache/kafka,2021-03-09,3,1,18226,9895
apache/kafka,2021-03-10,0,2,18226,9897
apache/kafka,2021-03-11,8,8,18234,9905
apache/kafka,2021-03-12,14,4,18248,9909
apache/kafka,2021-03-13,5,3,18253,9912
apache/kafka,2021-03-14,8,2,18261,9914
apache/kafka,2021-03-15,12,7,18273,9921
apache/kafka,2021-03-16,7,13,18280,9934
apache/kafka,2021-03-17,11,8,18291,9942
apache/kafka,2021-03-18,9,13,18300,9955
apache/kafka,2021-03-19,9,8,18309,9963
apache/kafka,2021-03-20,6,3,18315,9966
apache/kafka,2021-03-21,9,2,18324,9968
apache/kafka,2021-03-22,9,4,18333,9972
apache/kafka,2021-03-23,9,16,18342,9988
apache/kafka,2021-03-24,11,5,18353,9993
apache/kafka,2021-03-25,10,8,18363,10001
apache/kafka,2021-03-26,13,12,18376,10013
apache/kafka,2021-03-27,6,3,18382,10016
apache/kafka,2021-03-28,5,2,18387,10018
apache/kafka,2021-03-29,9,8,18396,10026
apache/kafka,2021-03-30,13,12,18409,10038
apache/kafka,2021-03-31,17,8,18426,10046
apache/kafka,2021-04-01,13,6,18439,10052
apache/kafka,2021-04-02,13,4,18452,10056
apache/kafka,2021-04-03,5,4,18457,10060
apache/kafka,2021-04-04,2,3,18459,10063
apache/kafka,2021-04-05,9,8,18468,10071
apache/kafka,2021-04-06,7,14,18475,10085
apache/kafka,2021-04-07,17,6,18492,10091
apache/kafka,2021-04-08,16,4,18508,10095
apache/kafka,2021-04-09,17,10,18525,10105
apache/kafka,2021-04-10,9,2,18534,10107
apache/kafka,2021-04-11,11,5,18545,10112
apache/kafka,2021-04-12,15,6,18560,10118
apache/kafka,2021-04-13,14,3,18574,10121
apache/kafka,2021-04-14,12,7,18586,10128
apache/kafka,2021-04-15,15,5,18601,10133
apache/kafka,2021-04-16,12,4,18613,10137
apache/kafka,2021-04-17,10,5,18623,10142
apache/kafka,2021-04-18,14,3,18637,10145
apache/kafka,2021-04-19,20,7,18657,10152
apache/kafka,2021-04-20,15,6,18672,10158
apache/kafka,2021-04-21,15,11,18687,10169
apache/kafka,2021-04-22,12,6,18699,10175
apache/kafka,2021-04-23,12,2,18711,10177
apache/kafka,2021-04-24,14,2,18725,10179
apache/kafka,2021-04-25,12,3,18737,10182
apache/kafka,2021-04-26,10,4,18747,10186
apache/kafka,2021-04-27,12,1,18759,10187
apache/kafka,2021-04-28,14,7,18773,10194
apache/kafka,2021-04-29,14,4,18787,10198
apache/kafka,2021-04-30,9,7,18796,10205
apache/kafka,2021-05-01,3,2,18799,10207
apache/kafka,2021-05-02,6,4,18805,10211
apache/kafka,2021-05-03,2,2,18807,10213
apache/kafka,2021-05-04,6,2,18813,10215
apache/kafka,2021-05-05,12,3,18825,10218
apache/kafka,2021-05-06,16,9,18841,10227
apache/kafka,2021-05-07,10,5,18851,10232
apache/kafka,2021-05-08,0,0,18851,10232
apache/kafka,2021-05-09,3,3,18854,10235
apache/kafka,2021-05-10,0,0,18854,10235
apache/kafka,2021-05-11,0,0,18854,10235
apache/kafka,2021-05-12,17,8,18871,10243
apache/kafka,2021-05-13,11,6,18882,10249
apache/kafka,2021-05-14,11,10,18893,10259
apache/kafka,2021-05-15,10,7,18903,10266
apache/kafka,2021-05-16,8,2,18911,10268
apache/kafka,2021-05-17,15,6,18926,10274
apache/kafka,2021-05-18,12,5,18938,10279
apache/kafka,2021-05-19,10,11,18948,10290
apache/kafka,2021-05-20,10,7,18958,10297
apache/kafka,2021-05-21,9,2,18967,10299
apache/kafka,2021-05-22,10,1,18977,10300
apache/kafka,2021-05-23,9,1,18986,10301
apache/kafka,2021-05-24,14,9,19000,10310
apache/kafka,2021-05-25,11,8,19011,10318
apache/kafka,2021-05-26,5,9,19016,10327
apache/kafka,2021-05-27,11,8,19027,10335
apache/kafka,2021-05-28,4,7,19031,10342
apache/kafka,2021-05-29,8,5,19039,10347
apache/kafka,2021-05-30,8,3,19047,10350
apache/kafka,2021-05-31,10,5,19057,10355
apache/kafka,2021-06-01,9,4,19066,10359
apache/kafka,2021-06-02,13,4,19079,10363
apache/kafka,2021-06-03,8,5,19087,10368
apache/kafka,2021-06-04,9,10,19096,10378
apache/kafka,2021-06-05,10,5,19106,10383
apache/kafka,2021-06-06,16,0,19122,10383
apache/kafka,2021-06-07,8,9,19130,10392
apache/kafka,2021-06-08,9,8,19139,10400
apache/kafka,2021-06-09,9,11,19148,10411
apache/kafka,2021-06-10,21,7,19169,10418
apache/kafka,2021-06-11,11,4,19180,10422
apache/kafka,2021-06-12,4,1,19184,10423
apache/kafka,2021-06-13,6,7,19190,10430
apache/kafka,2021-06-14,5,5,19195,10435
apache/kafka,2021-06-15,5,4,19200,10439
apache/kafka,2021-06-16,7,5,19207,10444
apache/kafka,2021-06-17,6,10,19213,10454
apache/kafka,2021-06-18,8,5,19221,10459
apache/kafka,2021-06-19,11,2,19232,10461
apache/kafka,2021-06-20,7,1,19239,10462
apache/kafka,2021-06-21,9,3,19248,10465
apache/kafka,2021-06-22,11,5,19259,10470
apache/kafka,2021-06-23,15,6,19274,10476
apache/kafka,2021-06-24,8,3,19282,10479
apache/kafka,2021-06-25,13,3,19295,10482
apache/kafka,2021-06-26,6,2,19301,10484
apache/kafka,2021-06-27,9,1,19310,10485
apache/kafka,2021-06-28,5,3,19315,10488
apache/kafka,2021-06-29,14,6,19329,10494
apache/kafka,2021-06-30,10,9,19339,10503
apache/kafka,2021-07-01,11,1,19350,10504
apache/kafka,2021-07-02,9,12,19359,10516
apache/kafka,2021-07-03,10,4,19369,10520
apache/kafka,2021-07-04,6,5,19375,10525
apache/kafka,2021-07-05,11,2,19386,10527
apache/kafka,2021-07-06,6,8,19392,10535
apache/kafka,2021-07-07,14,11,19406,10546
apache/kafka,2021-07-08,10,11,19416,10557
apache/kafka,2021-07-09,5,9,19421,10566
apache/kafka,2021-07-10,4,3,19425,10569
apache/kafka,2021-07-11,4,1,19429,10570
apache/kafka,2021-07-12,9,13,19438,10583
apache/kafka,2021-07-13,10,10,19448,10593
apache/kafka,2021-07-14,14,13,19462,10606
apache/kafka,2021-07-15,7,12,19469,10618
apache/kafka,2021-07-16,9,4,19478,10622
apache/kafka,2021-07-17,12,4,19490,10626
apache/kafka,2021-07-18,7,2,19497,10628
apache/kafka,2021-07-19,8,6,19505,10634
apache/kafka,2021-07-20,10,14,19515,10648
apache/kafka,2021-07-21,16,6,19531,10654
apache/kafka,2021-07-22,6,7,19537,10661
apache/kafka,2021-07-23,12,10,19549,10671
apache/kafka,2021-07-24,2,4,19551,10675
apache/kafka,2021-07-25,7,3,19558,10678
apache/kafka,2021-07-26,17,4,19575,10682
apache/kafka,2021-07-27,12,3,19587,10685
apache/kafka,2021-07-28,11,7,19598,10692
apache/kafka,2021-07-29,7,3,19605,10695
apache/kafka,2021-07-30,7,6,19612,10701
apache/kafka,2021-07-31,6,8,19618,10709
apache/kafka,2021-08-01,6,1,19624,10710
apache/kafka,2021-08-02,6,4,19630,10714
apache/kafka,2021-08-03,14,7,19644,10721
apache/kafka,2021-08-04,9,5,19653,10726
apache/kafka,2021-08-05,15,7,19668,10733
apache/kafka,2021-08-06,11,2,19679,10735
apache/kafka,2021-08-07,5,1,19684,10736
apache/kafka,2021-08-08,13,1,19697,10737
apache/kafka,2021-08-09,9,5,19706,10742
apache/kafka,2021-08-10,11,4,19717,10746
apache/kafka,2021-08-11,7,3,19724,10749
apache/kafka,2021-08-12,9,6,19733,10755
apache/kafka,2021-08-13,7,4,19740,10759
apache/kafka,2021-08-14,11,2,19751,10761
apache/kafka,2021-08-15,3,0,19754,10761
apache/kafka,2021-08-16,7,7,19761,10768
apache/kafka,2021-08-17,9,2,19770,10770
apache/kafka,2021-08-18,10,7,19780,10777
apache/kafka,2021-08-19,14,8,19794,10785
apache/kafka,2021-08-20,10,7,19804,10792
apache/kafka,2021-08-21,6,2,19810,10794
apache/kafka,2021-08-22,6,0,19816,10794
apache/kafka,2021-08-23,13,3,19829,10797
apache/kafka,2021-08-24,12,4,19841,10801
apache/kafka,2021-08-25,11,1,19852,10802
apache/kafka,2021-08-26,0,0,19852,10802
apache/kafka,2021-08-27,1,0,19853,10802
apache/kafka,2021-08-28,5,1,19858,10803
apache/kafka,2021-08-29,7,3,19865,10806
apache/kafka,2021-08-30,14,2,19879,10808
apache/kafka,2021-08-31,10,2,19889,10810
apache/kafka,2021-09-01,9,2,19898,10812
apache/kafka,2021-09-02,11,1,19909,10813
apache/kafka,2021-09-03,12,1,19921,10814
apache/kafka,2021-09-04,2,2,19923,10816
apache/kafka,2021-09-05,5,1,19928,10817
apache/kafka,2021-09-06,10,5,19938,10822
apache/kafka,2021-09-07,6,6,19944,10828
apache/kafka,2021-09-08,7,5,19951,10833
apache/kafka,2021-09-09,10,4,19961,10837
apache/kafka,2021-09-10,11,3,19972,10840
apache/kafka,2021-09-11,4,1,19976,10841
apache/kafka,2021-09-12,4,0,19980,10841
apache/kafka,2021-09-13,9,2,19989,10843
apache/kafka,2021-09-14,9,2,19998,10845
apache/kafka,2021-09-15,9,2,20007,10847
apache/kafka,2021-09-16,7,4,20014,10851
apache/kafka,2021-09-17,16,5,20030,10856
apache/kafka,2021-09-18,8,3,20038,10859
apache/kafka,2021-09-19,7,1,20045,10860
apache/kafka,2021-09-20,6,6,20051,10866
apache/kafka,2021-09-21,13,3,20064,10869
apache/kafka,2021-09-22,9,3,20073,10872
apache/kafka,2021-09-23,20,2,20093,10874
apache/kafka,2021-09-24,12,3,20105,10877
apache/kafka,2021-09-25,7,0,20112,10877
apache/kafka,2021-09-26,16,1,20128,10878
apache/kafka,2021-09-27,9,2,20137,10880
apache/kafka,2021-09-28,11,1,20148,10881
apache/kafka,2021-09-29,21,5,20169,10886
apache/kafka,2021-09-30,9,3,20178,10889
apache/kafka,2021-10-01,10,1,20188,10890
apache/kafka,2021-10-02,5,1,20193,10891
apache/kafka,2021-10-03,4,1,20197,10892
apache/kafka,2021-10-04,7,4,20204,10896
apache/kafka,2021-10-05,5,2,20209,10898
apache/kafka,2021-10-06,0,0,20209,10898
apache/kafka,2021-10-07,2,0,20211,10898
apache/kafka,2021-10-08,3,0,20214,10898
apache/kafka,2021-10-09,3,0,20217,10898
apache/kafka,2021-10-10,3,0,20220,10898
apache/kafka,2021-10-11,4,0,20224,10898
apache/kafka,2021-10-12,2,0,20226,10898
apache/kafka,2021-10-13,2,0,20228,10898
apache/kafka,2021-10-14,2,0,20230,10898
apache/kafka,2021-10-15,7,0,20237,10898
apache/kafka,2021-10-16,4,0,20241,10898
apache/kafka,2021-10-17,6,0,20247,10898
apache/kafka,2021-10-18,2,0,20249,10898
apache/kafka,2021-10-19,0,0,20249,10898
apache/kafka,2021-10-20,3,0,20252,10898
apache/kafka,2021-10-21,5,0,20257,10898
apache/kafka,2021-10-22,0,0,20257,10898
apache/kafka,2021-10-23,0,0,20257,10898
apache/kafka,2021-10-24,1,0,20258,10898
apache/kafka,2021-10-25,0,0,20258,10898
apache/kafka,2021-10-26,0,0,20258,10898
apache/kafka,2021-10-27,0,0,20258,10898
apache/kafka,2021-10-28,0,0,20258,10898
apache/kafka,2021-10-29,1,1,20259,10899
apache/kafka,2021-10-30,6,3,20265,10902
apache/kafka,2021-10-31,8,1,20273,10903
apache/kafka,2021-11-01,8,1,20281,10904
apache/kafka,2021-11-02,11,2,20292,10906
apache/kafka,2021-11-03,7,4,20299,10910
apache/kafka,2021-11-04,12,3,20311,10913
apache/kafka,2021-11-05,9,3,20320,10916
apache/kafka,2021-11-06,6,1,20326,10917
apache/kafka,2021-11-07,4,2,20330,10919
apache/kafka,2021-11-08,6,3,20336,10922
apache/kafka,2021-11-09,13,2,20349,10924
apache/kafka,2021-11-10,5,10,20354,10934
apache/kafka,2021-11-11,10,0,20364,10934
apache/kafka,2021-11-12,4,4,20368,10938
apache/kafka,2021-11-13,11,0,20379,10938
apache/kafka,2021-11-14,7,0,20386,10938
apache/kafka,2021-11-15,12,10,20398,10948
apache/kafka,2021-11-16,10,5,20408,10953
apache/kafka,2021-11-17,16,3,20424,10956
apache/kafka,2021-11-18,14,3,20438,10959
apache/kafka,2021-11-19,24,4,20462,10963
apache/kafka,2021-11-20,6,1,20468,10964
apache/kafka,2021-11-21,10,0,20478,10964
apache/kafka,2021-11-22,16,7,20494,10971
apache/kafka,2021-11-23,7,5,20501,10976
apache/kafka,2021-11-24,4,4,20505,10980
apache/kafka,2021-11-25,14,5,20519,10985
apache/kafka,2021-11-26,7,1,20526,10986
apache/kafka,2021-11-27,5,0,20531,10986
apache/kafka,2021-11-28,6,3,20537,10989
apache/kafka,2021-11-29,18,4,20555,10993
apache/kafka,2021-11-30,9,7,20564,11000
apache/kafka,2021-12-01,10,3,20574,11003
apache/kafka,2021-12-02,9,2,20583,11005
apache/kafka,2021-12-03,9,3,20592,11008
apache/kafka,2021-12-04,3,0,20595,11008
apache/kafka,2021-12-05,3,0,20598,11008
apache/kafka,2021-12-06,8,2,20606,11010
apache/kafka,2021-12-07,8,8,20614,11018
apache/kafka,2021-12-08,5,4,20619,11022
apache/kafka,2021-12-09,9,7,20628,11029
apache/kafka,2021-12-10,13,4,20641,11033
apache/kafka,2021-12-11,8,2,20649,11035
apache/kafka,2021-12-12,8,1,20657,11036
apache/kafka,2021-12-13,23,3,20680,11039
apache/kafka,2021-12-14,13,4,20693,11043
apache/kafka,2021-12-15,12,3,20705,11046
apache/kafka,2021-12-16,18,2,20723,11048
apache/kafka,2021-12-17,9,3,20732,11051
apache/kafka,2021-12-18,10,2,20742,11053
apache/kafka,2021-12-19,3,3,20745,11056
apache/kafka,2021-12-20,13,2,20758,11058
apache/kafka,2021-12-21,15,4,20773,11062
apache/kafka,2021-12-22,12,3,20785,11065
apache/kafka,2021-12-23,8,0,20793,11065
apache/kafka,2021-12-24,18,1,20811,11066
apache/kafka,2021-12-25,5,0,20816,11066
apache/kafka,2021-12-26,9,2,20825,11068
apache/kafka,2021-12-27,13,1,20838,11069
apache/kafka,2021-12-28,8,1,20846,11070
apache/kafka,2021-12-29,17,0,20863,11070
apache/kafka,2021-12-30,11,2,20874,11072
apache/kafka,2021-12-31,6,0,20880,11072
apache/kafka,2022-01-01,16,0,20896,11072
apache/kafka,2022-01-02,4,8,20900,11080
apache/kafka,2022-01-03,5,3,20905,11083
apache/kafka,2022-01-04,6,4,20911,11087
apache/kafka,2022-01-05,10,6,20921,11093
apache/kafka,2022-01-06,18,1,20939,11094
apache/kafka,2022-01-07,10,3,20949,11097
apache/kafka,2022-01-08,10,2,20959,11099
apache/kafka,2022-01-09,9,1,20968,11100
apache/kafka,2022-01-10,12,4,20980,11104
apache/kafka,2022-01-11,16,2,20996,11106
apache/kafka,2022-01-12,12,8,21008,11114
apache/kafka,2022-01-13,10,3,21018,11117
apache/kafka,2022-01-14,8,0,21026,11117
apache/kafka,2022-01-15,10,1,21036,11118
apache/kafka,2022-01-16,6,0,21042,11118
apache/kafka,2022-01-17,12,3,21054,11121
apache/kafka,2022-01-18,13,5,21067,11126
apache/kafka,2022-01-19,9,3,21076,11129
apache/kafka,2022-01-20,12,3,21088,11132
apache/kafka,2022-01-21,7,4,21095,11136
apache/kafka,2022-01-22,6,2,21101,11138
apache/kafka,2022-01-23,13,1,21114,11139
apache/kafka,2022-01-24,13,5,21127,11144
apache/kafka,2022-01-25,18,4,21145,11148
apache/kafka,2022-01-26,16,3,21161,11151
apache/kafka,2022-01-27,9,1,21170,11152
apache/kafka,2022-01-28,7,1,21177,11153
apache/kafka,2022-01-29,9,0,21186,11153
apache/kafka,2022-01-30,7,4,21193,11157
apache/kafka,2022-01-31,6,2,21199,11159
apache/kafka,2022-02-01,10,1,21209,11160
apache/kafka,2022-02-02,6,4,21215,11164
apache/kafka,2022-02-03,6,2,21221,11166
apache/kafka,2022-02-04,9,3,21230,11169
apache/kafka,2022-02-05,2,1,21232,11170
apache/kafka,2022-02-06,6,1,21238,11171
apache/kafka,2022-02-07,5,1,21243,11172
apache/kafka,2022-02-08,11,3,21254,11175
apache/kafka,2022-02-09,12,4,21266,11179
apache/kafka,2022-02-10,9,2,21275,11181
apache/kafka,2022-02-11,8,2,21283,11183
apache/kafka,2022-02-12,4,3,21287,11186
apache/kafka,2022-02-13,7,2,21294,11188
apache/kafka,2022-02-14,7,4,21301,11192
apache/kafka,2022-02-15,15,6,21316,11198
apache/kafka,2022-02-16,7,5,21323,11203
apache/kafka,2022-02-17,10,18,21333,11221
apache/kafka,2022-02-18,7,1,21340,11222
apache/kafka,2022-02-19,11,1,21351,11223
apache/kafka,2022-02-20,9,2,21360,11225
apache/kafka,2022-02-21,3,0,21363,11225
apache/kafka,2022-02-22,18,2,21381,11227
apache/kafka,2022-02-23,12,3,21393,11230
apache/kafka,2022-02-24,13,3,21406,11233
apache/kafka,2022-02-25,6,7,21412,11240
apache/kafka,2022-02-26,12,7,21424,11247
apache/kafka,2022-02-27,9,2,21433,11249
apache/kafka,2022-02-28,12,1,21445,11250
apache/kafka,2022-03-01,9,8,21454,11258
apache/kafka,2022-03-02,7,3,21461,11261
apache/kafka,2022-03-03,20,10,21481,11271
apache/kafka,2022-03-04,9,3,21490,11274
apache/kafka,2022-03-05,7,5,21497,11279
apache/kafka,2022-03-06,8,2,21505,11281
apache/kafka,2022-03-07,11,7,21516,11288
apache/kafka,2022-03-08,15,5,21531,11293
apache/kafka,2022-03-09,11,8,21542,11301
apache/kafka,2022-03-10,12,4,21554,11305
apache/kafka,2022-03-11,9,9,21563,11314
apache/kafka,2022-03-12,14,0,21577,11314
apache/kafka,2022-03-13,8,0,21585,11314
apache/kafka,2022-03-14,16,8,21601,11322
apache/kafka,2022-03-15,10,7,21611,11329
apache/kafka,2022-03-16,11,7,21622,11336
apache/kafka,2022-03-17,8,3,21630,11339
apache/kafka,2022-03-18,10,3,21640,11342
apache/kafka,2022-03-19,7,1,21647,11343
apache/kafka,2022-03-20,14,2,21661,11345
apache/kafka,2022-03-21,6,4,21667,11349
apache/kafka,2022-03-22,16,7,21683,11356
apache/kafka,2022-03-23,8,7,21691,11363
apache/kafka,2022-03-24,12,6,21703,11369
apache/kafka,2022-03-25,11,5,21714,11374
apache/kafka,2022-03-26,8,1,21722,11375
apache/kafka,2022-03-27,3,1,21725,11376
apache/kafka,2022-03-28,10,3,21735,11379
apache/kafka,2022-03-29,9,9,21744,11388
apache/kafka,2022-03-30,16,5,21760,11393
apache/kafka,2022-03-31,7,5,21767,11398
apache/kafka,2022-04-01,9,3,21776,11401
apache/kafka,2022-04-02,9,6,21785,11407
apache/kafka,2022-04-03,12,3,21797,11410
apache/kafka,2022-04-04,14,2,21811,11412
apache/kafka,2022-04-05,5,4,21816,11416
apache/kafka,2022-04-06,8,6,21824,11422
apache/kafka,2022-04-07,12,8,21836,11430
apache/kafka,2022-04-08,11,4,21847,11434
apache/kafka,2022-04-09,16,4,21863,11438
apache/kafka,2022-04-10,5,1,21868,11439
apache/kafka,2022-04-11,12,8,21880,11447
apache/kafka,2022-04-12,8,5,21888,11452
apache/kafka,2022-04-13,13,7,21901,11459
apache/kafka,2022-04-14,10,5,21911,11464
apache/kafka,2022-04-15,13,7,21924,11471
apache/kafka,2022-04-16,8,2,21932,11473
apache/kafka,2022-04-17,5,1,21937,11474
apache/kafka,2022-04-18,7,3,21944,11477
apache/kafka,2022-04-19,9,3,21953,11480
apache/kafka,2022-04-20,13,7,21966,11487
apache/kafka,2022-04-21,11,6,21977,11493
apache/kafka,2022-04-22,17,8,21994,11501
apache/kafka,2022-04-23,9,2,22003,11503
apache/kafka,2022-04-24,9,2,22012,11505
apache/kafka,2022-04-25,10,1,22022,11506
apache/kafka,2022-04-26,10,4,22032,11510
apache/kafka,2022-04-27,3,4,22035,11514
apache/kafka,2022-04-28,13,3,22048,11517
apache/kafka,2022-04-29,6,1,22054,11518
apache/kafka,2022-04-30,9,4,22063,11522
apache/kafka,2022-05-01,5,2,22068,11524
apache/kafka,2022-05-02,2,1,22070,11525
apache/kafka,2022-05-03,7,4,22077,11529
apache/kafka,2022-05-04,5,3,22082,11532
apache/kafka,2022-05-05,9,5,22091,11537
apache/kafka,2022-05-06,11,3,22102,11540
apache/kafka,2022-05-07,7,4,22109,11544
apache/kafka,2022-05-08,7,0,22116,11544
apache/kafka,2022-05-09,8,6,22124,11550
apache/kafka,2022-05-10,12,4,22136,11554
apache/kafka,2022-05-11,15,2,22151,11556
apache/kafka,2022-05-12,11,6,22162,11562
apache/kafka,2022-05-13,11,8,22173,11570
apache/kafka,2022-05-14,9,0,22182,11570
apache/kafka,2022-05-15,10,0,22192,11570
apache/kafka,2022-05-16,10,5,22202,11575
apache/kafka,2022-05-17,8,3,22210,11578
apache/kafka,2022-05-18,7,2,22217,11580
apache/kafka,2022-05-19,7,6,22224,11586
apache/kafka,2022-05-20,8,4,22232,11590
apache/kafka,2022-05-21,7,2,22239,11592
apache/kafka,2022-05-22,7,2,22246,11594
apache/kafka,2022-05-23,15,4,22261,11598
apache/kafka,2022-05-24,12,8,22273,11606
apache/kafka,2022-05-25,6,8,22279,11614
apache/kafka,2022-05-26,8,4,22287,11618
apache/kafka,2022-05-27,11,2,22298,11620
apache/kafka,2022-05-28,8,2,22306,11622
apache/kafka,2022-05-29,5,1,22311,11623
apache/kafka,2022-05-30,12,2,22323,11625
apache/kafka,2022-05-31,9,5,22332,11630
apache/kafka,2022-06-01,8,1,22340,11631
apache/kafka,2022-06-02,2,10,22342,11641
apache/kafka,2022-06-03,7,4,22349,11645
apache/kafka,2022-06-04,5,1,22354,11646
apache/kafka,2022-06-05,13,0,22367,11646
apache/kafka,2022-06-06,8,6,22375,11652
apache/kafka,2022-06-07,8,3,22383,11655
apache/kafka,2022-06-08,18,8,22401,11663
apache/kafka,2022-06-09,7,5,22408,11668
apache/kafka,2022-06-10,18,5,22426,11673
apache/kafka,2022-06-11,7,1,22433,11674
apache/kafka,2022-06-12,7,1,22440,11675
apache/kafka,2022-06-13,11,4,22451,11679
apache/kafka,2022-06-14,14,5,22465,11684
apache/kafka,2022-06-15,8,3,22473,11687
apache/kafka,2022-06-16,11,4,22484,11691
apache/kafka,2022-06-17,7,1,22491,11692
apache/kafka,2022-06-18,7,2,22498,11694
apache/kafka,2022-06-19,12,3,22510,11697
apache/kafka,2022-06-20,9,4,22519,11701
apache/kafka,2022-06-21,11,7,22530,11708
apache/kafka,2022-06-22,12,3,22542,11711
apache/kafka,2022-06-23,16,4,22558,11715
apache/kafka,2022-06-24,8,7,22566,11722
apache/kafka,2022-06-25,6,2,22572,11724
apache/kafka,2022-06-26,6,2,22578,11726
apache/kafka,2022-06-27,8,4,22586,11730
apache/kafka,2022-06-28,14,0,22600,11730
apache/kafka,2022-06-29,11,5,22611,11735
apache/kafka,2022-06-30,7,7,22618,11742
apache/kafka,2022-07-01,7,2,22625,11744
apache/kafka,2022-07-02,11,0,22636,11744
apache/kafka,2022-07-03,5,0,22641,11744
apache/kafka,2022-07-04,12,2,22653,11746
apache/kafka,2022-07-05,10,6,22663,11752
apache/kafka,2022-07-06,10,3,22673,11755
apache/kafka,2022-07-07,8,5,22681,11760
apache/kafka,2022-07-08,7,6,22688,11766
apache/kafka,2022-07-09,6,1,22694,11767
apache/kafka,2022-07-10,6,1,22700,11768
apache/kafka,2022-07-11,14,1,22714,11769
apache/kafka,2022-07-12,11,0,22725,11769
apache/kafka,2022-07-13,13,1,22738,11770
apache/kafka,2022-07-14,14,6,22752,11776
apache/kafka,2022-07-15,10,1,22762,11777
apache/kafka,2022-07-16,10,1,22772,11778
apache/kafka,2022-07-17,12,3,22784,11781
apache/kafka,2022-07-18,4,6,22788,11787
apache/kafka,2022-07-19,10,0,22798,11787
apache/kafka,2022-07-20,16,2,22814,11789
apache/kafka,2022-07-21,12,5,22826,11794
apache/kafka,2022-07-22,17,4,22843,11798
apache/kafka,2022-07-23,5,1,22848,11799
apache/kafka,2022-07-24,8,1,22856,11800
apache/kafka,2022-07-25,17,3,22873,11803
apache/kafka,2022-07-26,8,6,22881,11809
apache/kafka,2022-07-27,8,1,22889,11810
apache/kafka,2022-07-28,10,11,22899,11821
apache/kafka,2022-07-29,8,4,22907,11825
apache/kafka,2022-07-30,6,0,22913,11825
apache/kafka,2022-07-31,5,0,22918,11825
apache/kafka,2022-08-01,10,6,22928,11831
apache/kafka,2022-08-02,14,8,22942,11839
apache/kafka,2022-08-03,7,7,22949,11846
apache/kafka,2022-08-04,13,2,22962,11848
apache/kafka,2022-08-05,8,3,22970,11851
apache/kafka,2022-08-06,7,1,22977,11852
apache/kafka,2022-08-07,11,0,22988,11852
apache/kafka,2022-08-08,7,7,22995,11859
apache/kafka,2022-08-09,11,2,23006,11861
apache/kafka,2022-08-10,12,2,23018,11863
apache/kafka,2022-08-11,18,6,23036,11869
apache/kafka,2022-08-12,11,3,23047,11872
apache/kafka,2022-08-13,9,1,23056,11873
apache/kafka,2022-08-14,8,1,23064,11874
apache/kafka,2022-08-15,14,4,23078,11878
apache/kafka,2022-08-16,11,5,23089,11883
apache/kafka,2022-08-17,10,10,23099,11893
apache/kafka,2022-08-18,12,6,23111,11899
apache/kafka,2022-08-19,14,4,23125,11903
apache/kafka,2022-08-20,33,1,23158,11904
apache/kafka,2022-08-21,28,2,23186,11906
apache/kafka,2022-08-22,12,2,23198,11908
apache/kafka,2022-08-23,13,3,23211,11911
apache/kafka,2022-08-24,8,5,23219,11916
apache/kafka,2022-08-25,8,2,23227,11918
apache/kafka,2022-08-26,10,5,23237,11923
apache/kafka,2022-08-27,5,3,23242,11926
apache/kafka,2022-08-28,3,0,23245,11926
apache/kafka,2022-08-29,16,5,23261,11931
apache/kafka,2022-08-30,10,1,23271,11932
apache/kafka,2022-08-31,8,7,23279,11939
apache/kafka,2022-09-01,12,5,23291,11944
apache/kafka,2022-09-02,11,4,23302,11948
apache/kafka,2022-09-03,2,0,23304,11948
apache/kafka,2022-09-04,5,0,23309,11948
apache/kafka,2022-09-05,8,1,23317,11949
apache/kafka,2022-09-06,7,4,23324,11953
apache/kafka,2022-09-07,12,8,23336,11961
apache/kafka,2022-09-08,5,5,23341,11966
apache/kafka,2022-09-09,8,8,23349,11974
apache/kafka,2022-09-10,5,1,23354,11975
apache/kafka,2022-09-11,4,0,23358,11975
apache/kafka,2022-09-12,9,9,23367,11984
apache/kafka,2022-09-13,6,9,23373,11993
apache/kafka,2022-09-14,9,6,23382,11999
apache/kafka,2022-09-15,3,6,23385,12005
apache/kafka,2022-09-16,4,6,23389,12011
apache/kafka,2022-09-17,10,1,23399,12012
apache/kafka,2022-09-18,9,1,23408,12013
apache/kafka,2022-09-19,11,7,23419,12020
apache/kafka,2022-09-20,22,2,23441,12022
apache/kafka,2022-09-21,13,4,23454,12026
apache/kafka,2022-09-22,13,4,23467,12030
apache/kafka,2022-09-23,11,3,23478,12033
apache/kafka,2022-09-24,8,0,23486,12033
apache/kafka,2022-09-25,5,4,23491,12037
apache/kafka,2022-09-26,6,3,23497,12040
apache/kafka,2022-09-27,8,3,23505,12043
apache/kafka,2022-09-28,10,1,23515,12044
apache/kafka,2022-09-29,11,8,23526,12052
apache/kafka,2022-09-30,10,3,23536,12055
apache/kafka,2022-10-01,1,0,23537,12055
apache/kafka,2022-10-02,8,1,23545,12056
apache/kafka,2022-10-03,7,2,23552,12058
apache/kafka,2022-10-04,9,4,23561,12062
apache/kafka,2022-10-05,6,2,23567,12064
apache/kafka,2022-10-06,3,4,23570,12068
apache/kafka,2022-10-07,6,5,23576,12073
apache/kafka,2022-10-08,9,1,23585,12074
apache/kafka,2022-10-09,11,0,23596,12074
apache/kafka,2022-10-10,14,1,23610,12075
apache/kafka,2022-10-11,8,2,23618,12077
apache/kafka,2022-10-12,11,5,23629,12082
apache/kafka,2022-10-13,7,8,23636,12090
apache/kafka,2022-10-14,6,6,23642,12096
apache/kafka,2022-10-15,8,3,23650,12099
apache/kafka,2022-10-16,9,1,23659,12100
apache/kafka,2022-10-17,10,3,23669,12103
apache/kafka,2022-10-18,13,5,23682,12108
apache/kafka,2022-10-19,13,3,23695,12111
apache/kafka,2022-10-20,11,6,23706,12117
apache/kafka,2022-10-21,12,1,23718,12118
apache/kafka,2022-10-22,6,1,23724,12119
apache/kafka,2022-10-23,4,0,23728,12119
apache/kafka,2022-10-24,2,4,23730,12123
apache/kafka,2022-10-25,10,6,23740,12129
apache/kafka,2022-10-26,8,3,23748,12132
apache/kafka,2022-10-27,8,1,23756,12133
apache/kafka,2022-10-28,13,4,23769,12137
apache/kafka,2022-10-29,11,1,23780,12138
apache/kafka,2022-10-30,2,1,23782,12139
apache/kafka,2022-10-31,7,6,23789,12145
apache/kafka,2022-11-01,9,4,23798,12149
apache/kafka,2022-11-02,8,6,23806,12155
apache/kafka,2022-11-03,13,3,23819,12158
apache/kafka,2022-11-04,8,6,23827,12164
apache/kafka,2022-11-05,1,1,23828,12165
apache/kafka,2022-11-06,5,0,23833,12165
apache/kafka,2022-11-07,10,2,23843,12167
apache/kafka,2022-11-08,13,6,23856,12173
apache/kafka,2022-11-09,7,5,23863,12178
apache/kafka,2022-11-10,16,1,23879,12179
apache/kafka,2022-11-11,8,0,23887,12179
apache/kafka,2022-11-12,6,0,23893,12179
apache/kafka,2022-11-13,8,2,23901,12181
apache/kafka,2022-11-14,6,5,23907,12186
apache/kafka,2022-11-15,3,10,23910,12196
apache/kafka,2022-11-16,10,6,23920,12202
apache/kafka,2022-11-17,13,4,23933,12206
apache/kafka,2022-11-18,10,3,23943,12209
apache/kafka,2022-11-19,6,5,23949,12214
apache/kafka,2022-11-20,5,1,23954,12215
apache/kafka,2022-11-21,8,6,23962,12221
apache/kafka,2022-11-22,6,5,23968,12226
apache/kafka,2022-11-23,3,5,23971,12231
apache/kafka,2022-11-24,7,4,23978,12235
apache/kafka,2022-11-25,7,0,23985,12235
apache/kafka,2022-11-26,6,0,23991,12235
apache/kafka,2022-11-27,7,1,23998,12236
apache/kafka,2022-11-28,7,6,24005,12242
apache/kafka,2022-11-29,11,6,24016,12248
apache/kafka,2022-11-30,10,7,24026,12255
apache/kafka,2022-12-01,10,12,24036,12267
apache/kafka,2022-12-02,9,1,24045,12268
apache/kafka,2022-12-03,1,4,24046,12272
apache/kafka,2022-12-04,11,4,24057,12276
apache/kafka,2022-12-05,8,3,24065,12279
apache/kafka,2022-12-06,4,2,24069,12281
apache/kafka,2022-12-07,7,4,24076,12285
apache/kafka,2022-12-08,3,4,24079,12289
apache/kafka,2022-12-09,7,4,24086,12293
apache/kafka,2022-12-10,3,2,24089,12295
apache/kafka,2022-12-11,8,1,24097,12296
apache/kafka,2022-12-12,8,5,24105,12301
apache/kafka,2022-12-13,4,5,24109,12306
apache/kafka,2022-12-14,4,5,24113,12311
apache/kafka,2022-12-15,4,4,24117,12315
apache/kafka,2022-12-16,5,4,24122,12319
apache/kafka,2022-12-17,2,7,24124,12326
apache/kafka,2022-12-18,3,2,24127,12328
apache/kafka,2022-12-19,6,8,24133,12336
apache/kafka,2022-12-20,7,6,24140,12342
apache/kafka,2022-12-21,5,7,24145,12349
apache/kafka,2022-12-22,9,6,24154,12355
apache/kafka,2022-12-23,9,3,24163,12358
apache/kafka,2022-12-24,5,1,24168,12359
apache/kafka,2022-12-25,1,0,24169,12359
apache/kafka,2022-12-26,8,0,24177,12359
apache/kafka,2022-12-27,4,2,24181,12361
apache/kafka,2022-12-28,13,5,24194,12366
apache/kafka,2022-12-29,8,4,24202,12370
apache/kafka,2022-12-30,5,3,24207,12373
apache/kafka,2022-12-31,2,4,24209,12377
apache/kafka,2023-01-01,7,0,24216,12377
apache/kafka,2023-01-02,8,1,24224,12378
apache/kafka,2023-01-03,6,4,24230,12382
apache/kafka,2023-01-04,15,8,24245,12390
apache/kafka,2023-01-05,13,4,24258,12394
apache/kafka,2023-01-06,9,6,24267,12400
apache/kafka,2023-01-07,5,2,24272,12402
apache/kafka,2023-01-08,7,1,24279,12403
apache/kafka,2023-01-09,13,6,24292,12409
apache/kafka,2023-01-10,10,7,24302,12416
apache/kafka,2023-01-11,9,0,24311,12416
apache/kafka,2023-01-12,11,3,24322,12419
apache/kafka,2023-01-13,6,11,24328,12430
apache/kafka,2023-01-14,7,0,24335,12430
apache/kafka,2023-01-15,8,2,24343,12432
apache/kafka,2023-01-16,6,2,24349,12434
apache/kafka,2023-01-17,6,2,24355,12436
apache/kafka,2023-01-18,12,2,24367,12438
apache/kafka,2023-01-19,11,1,24378,12439
apache/kafka,2023-01-20,2,9,24380,12448
apache/kafka,2023-01-21,8,4,24388,12452
apache/kafka,2023-01-22,7,2,24395,12454
apache/kafka,2023-01-23,3,8,24398,12462
apache/kafka,2023-01-24,8,7,24406,12469
apache/kafka,2023-01-25,6,4,24412,12473
apache/kafka,2023-01-26,2,2,24414,12475
apache/kafka,2023-01-27,12,2,24426,12477
apache/kafka,2023-01-28,4,0,24430,12477
apache/kafka,2023-01-29,4,0,24434,12477
apache/kafka,2023-01-30,7,6,24441,12483
apache/kafka,2023-01-31,11,4,24452,12487
apache/kafka,2023-02-01,6,5,24458,12492
apache/kafka,2023-02-02,12,5,24470,12497
apache/kafka,2023-02-03,11,8,24481,12505
apache/kafka,2023-02-04,6,0,24487,12505
apache/kafka,2023-02-05,6,0,24493,12505
apache/kafka,2023-02-06,9,8,24502,12513
apache/kafka,2023-02-07,12,9,24514,12522
apache/kafka,2023-02-08,11,4,24525,12526
apache/kafka,2023-02-09,7,5,24532,12531
apache/kafka,2023-02-10,13,5,24545,12536
apache/kafka,2023-02-11,14,2,24559,12538
apache/kafka,2023-02-12,10,3,24569,12541
apache/kafka,2023-02-13,11,6,24580,12547
apache/kafka,2023-02-14,10,6,24590,12553
apache/kafka,2023-02-15,9,8,24599,12561
apache/kafka,2023-02-16,13,7,24612,12568
apache/kafka,2023-02-17,15,7,24627,12575
apache/kafka,2023-02-18,4,2,24631,12577
apache/kafka,2023-02-19,4,2,24635,12579
apache/kafka,2023-02-20,16,3,24651,12582
apache/kafka,2023-02-21,9,4,24660,12586
apache/kafka,2023-02-22,14,7,24674,12593
apache/kafka,2023-02-23,9,4,24683,12597
apache/kafka,2023-02-24,11,7,24694,12604
apache/kafka,2023-02-25,4,5,24698,12609
apache/kafka,2023-02-26,11,3,24709,12612
apache/kafka,2023-02-27,6,3,24715,12615
apache/kafka,2023-02-28,9,2,24724,12617
apache/kafka,2023-03-01,15,5,24739,12622
apache/kafka,2023-03-02,14,7,24753,12629
apache/kafka,2023-03-03,10,5,24763,12634
apache/kafka,2023-03-04,4,2,24767,12636
apache/kafka,2023-03-05,6,5,24773,12641
apache/kafka,2023-03-06,5,10,24778,12651
apache/kafka,2023-03-07,18,4,24796,12655
apache/kafka,2023-03-08,12,6,24808,12661
apache/kafka,2023-03-09,11,6,24819,12667
apache/kafka,2023-03-10,10,5,24829,12672
apache/kafka,2023-03-11,6,1,24835,12673
apache/kafka,2023-03-12,1,1,24836,12674
apache/kafka,2023-03-13,6,8,24842,12682
apache/kafka,2023-03-14,10,6,24852,12688
apache/kafka,2023-03-15,6,1,24858,12689
apache/kafka,2023-03-16,9,10,24867,12699
apache/kafka,2023-03-17,2,5,24869,12704
apache/kafka,2023-03-18,4,0,24873,12704
apache/kafka,2023-03-19,3,3,24876,12707
apache/kafka,2023-03-20,7,6,24883,12713
apache/kafka,2023-03-21,12,7,24895,12720
apache/kafka,2023-03-22,13,4,24908,12724
apache/kafka,2023-03-23,7,4,24915,12728
apache/kafka,2023-03-24,9,5,24924,12733
apache/kafka,2023-03-25,9,2,24933,12735
apache/kafka,2023-03-26,9,4,24942,12739
apache/kafka,2023-03-27,8,5,24950,12744
apache/kafka,2023-03-28,14,5,24964,12749
apache/kafka,2023-03-29,4,6,24968,12755
apache/kafka,2023-03-30,10,3,24978,12758
apache/kafka,2023-03-31,7,6,24985,12764
apache/kafka,2023-04-01,12,0,24997,12764
apache/kafka,2023-04-02,10,1,25007,12765
apache/kafka,2023-04-03,9,6,25016,12771
apache/kafka,2023-04-04,13,1,25029,12772
apache/kafka,2023-04-05,9,13,25038,12785
apache/kafka,2023-04-06,8,11,25046,12796
apache/kafka,2023-04-07,15,4,25061,12800
apache/kafka,2023-04-08,9,1,25070,12801
apache/kafka,2023-04-09,8,1,25078,12802
apache/kafka,2023-04-10,8,4,25086,12806
apache/kafka,2023-04-11,12,8,25098,12814
apache/kafka,2023-04-12,18,9,25116,12823
apache/kafka,2023-04-13,11,11,25127,12834
apache/kafka,2023-04-14,16,15,25143,12849
apache/kafka,2023-04-15,10,3,25153,12852
apache/kafka,2023-04-16,5,2,25158,12854
apache/kafka,2023-04-17,6,7,25164,12861
apache/kafka,2023-04-18,8,16,25172,12877
apache/kafka,2023-04-19,13,5,25185,12882
apache/kafka,2023-04-20,12,6,25197,12888
apache/kafka,2023-04-21,13,3,25210,12891
apache/kafka,2023-04-22,9,1,25219,12892
apache/kafka,2023-04-23,8,1,25227,12893
apache/kafka,2023-04-24,11,5,25238,12898
apache/kafka,2023-04-25,8,11,25246,12909
apache/kafka,2023-04-26,16,2,25262,12911
apache/kafka,2023-04-27,9,5,25271,12916
apache/kafka,2023-04-28,7,1,25278,12917
apache/kafka,2023-04-29,7,0,25285,12917
apache/kafka,2023-04-30,6,0,25291,12917
apache/kafka,2023-05-01,11,2,25302,12919
apache/kafka,2023-05-02,8,9,25310,12928
apache/kafka,2023-05-03,4,5,25314,12933
apache/kafka,2023-05-04,9,5,25323,12938
apache/kafka,2023-05-05,10,1,25333,12939
apache/kafka,2023-05-06,10,3,25343,12942
apache/kafka,2023-05-07,6,0,25349,12942
apache/kafka,2023-05-08,10,8,25359,12950
apache/kafka,2023-05-09,10,6,25369,12956
apache/kafka,2023-05-10,12,6,25381,12962
apache/kafka,2023-05-11,14,5,25395,12967
apache/kafka,2023-05-12,12,8,25407,12975
apache/kafka,2023-05-13,8,2,25415,12977
apache/kafka,2023-05-14,4,0,25419,12977
apache/kafka,2023-05-15,7,5,25426,12982
apache/kafka,2023-05-16,12,2,25438,12984
apache/kafka,2023-05-17,9,3,25447,12987
apache/kafka,2023-05-18,10,3,25457,12990
apache/kafka,2023-05-19,4,3,25461,12993
apache/kafka,2023-05-20,8,1,25469,12994
apache/kafka,2023-05-21,4,1,25473,12995
apache/kafka,2023-05-22,8,3,25481,12998
apache/kafka,2023-05-23,13,4,25494,13002
apache/kafka,2023-05-24,15,8,25509,13010
apache/kafka,2023-05-25,11,3,25520,13013
apache/kafka,2023-05-26,10,5,25530,13018
apache/kafka,2023-05-27,8,3,25538,13021
apache/kafka,2023-05-28,7,1,25545,13022
apache/kafka,2023-05-29,6,2,25551,13024
apache/kafka,2023-05-30,11,6,25562,13030
apache/kafka,2023-05-31,6,6,25568,13036
apache/kafka,2023-06-01,7,6,25575,13042
apache/kafka,2023-06-02,10,6,25585,13048
apache/kafka,2023-06-03,4,2,25589,13050
apache/kafka,2023-06-04,3,0,25592,13050
apache/kafka,2023-06-05,11,7,25603,13057
apache/kafka,2023-06-06,6,4,25609,13061
apache/kafka,2023-06-07,7,4,25616,13065
apache/kafka,2023-06-08,10,4,25626,13069
apache/kafka,2023-06-09,8,7,25634,13076
apache/kafka,2023-06-10,5,3,25639,13079
apache/kafka,2023-06-11,7,0,25646,13079
apache/kafka,2023-06-12,4,5,25650,13084
apache/kafka,2023-06-13,10,4,25660,13088
apache/kafka,2023-06-14,9,5,25669,13093
apache/kafka,2023-06-15,5,6,25674,13099
apache/kafka,2023-06-16,6,6,25680,13105
apache/kafka,2023-06-17,7,2,25687,13107
apache/kafka,2023-06-18,4,0,25691,13107
apache/kafka,2023-06-19,4,1,25695,13108
apache/kafka,2023-06-20,9,14,25704,13122
apache/kafka,2023-06-21,14,5,25718,13127
apache/kafka,2023-06-22,6,6,25724,13133
apache/kafka,2023-06-23,5,6,25729,13139
apache/kafka,2023-06-24,10,0,25739,13139
apache/kafka,2023-06-25,10,1,25749,13140
apache/kafka,2023-06-26,10,3,25759,13143
apache/kafka,2023-06-27,10,4,25769,13147
apache/kafka,2023-06-28,11,6,25780,13153
apache/kafka,2023-06-29,14,8,25794,13161
apache/kafka,2023-06-30,16,4,25810,13165
apache/kafka,2023-07-01,6,8,25816,13173
apache/kafka,2023-07-02,5,2,25821,13175
apache/kafka,2023-07-03,5,2,25826,13177
apache/kafka,2023-07-04,12,4,25838,13181
apache/kafka,2023-07-05,7,5,25845,13186
apache/kafka,2023-07-06,11,11,25856,13197
apache/kafka,2023-07-07,13,5,25869,13202
apache/kafka,2023-07-08,7,1,25876,13203
apache/kafka,2023-07-09,6,2,25882,13205
apache/kafka,2023-07-10,11,7,25893,13212
apache/kafka,2023-07-11,9,7,25902,13219
apache/kafka,2023-07-12,5,10,25907,13229
apache/kafka,2023-07-13,12,6,25919,13235
apache/kafka,2023-07-14,7,6,25926,13241
apache/kafka,2023-07-15,3,2,25929,13243
apache/kafka,2023-07-16,7,0,25936,13243
apache/kafka,2023-07-17,12,8,25948,13251
apache/kafka,2023-07-18,7,7,25955,13258
apache/kafka,2023-07-19,12,14,25967,13272
apache/kafka,2023-07-20,7,8,25974,13280
apache/kafka,2023-07-21,15,4,25989,13284
apache/kafka,2023-07-22,5,6,25994,13290
apache/kafka,2023-07-23,9,3,26003,13293
apache/kafka,2023-07-24,14,11,26017,13304
apache/kafka,2023-07-25,8,10,26025,13314
apache/kafka,2023-07-26,12,10,26037,13324
apache/kafka,2023-07-27,7,9,26044,13333
apache/kafka,2023-07-28,7,8,26051,13341
apache/kafka,2023-07-29,11,1,26062,13342
apache/kafka,2023-07-30,8,4,26070,13346
apache/kafka,2023-07-31,6,3,26076,13349
apache/kafka,2023-08-01,10,3,26086,13352
apache/kafka,2023-08-02,8,2,26094,13354
apache/kafka,2023-08-03,8,5,26102,13359
apache/kafka,2023-08-04,7,7,26109,13366
apache/kafka,2023-08-05,9,2,26118,13368
apache/kafka,2023-08-06,8,0,26126,13368
apache/kafka,2023-08-07,4,8,26130,13376
apache/kafka,2023-08-08,10,4,26140,13380
apache/kafka,2023-08-09,6,10,26146,13390
apache/kafka,2023-08-10,8,8,26154,13398
apache/kafka,2023-08-11,9,9,26163,13407
apache/kafka,2023-08-12,3,0,26166,13407
apache/kafka,2023-08-13,6,3,26172,13410
apache/kafka,2023-08-14,5,5,26177,13415
apache/kafka,2023-08-15,12,11,26189,13426
apache/kafka,2023-08-16,5,9,26194,13435
apache/kafka,2023-08-17,12,9,26206,13444
apache/kafka,2023-08-18,8,7,26214,13451
apache/kafka,2023-08-19,7,13,26221,13464
apache/kafka,2023-08-20,8,4,26229,13468
apache/kafka,2023-08-21,10,6,26239,13474
apache/kafka,2023-08-22,10,6,26249,13480
apache/kafka,2023-08-23,4,3,26253,13483
apache/kafka,2023-08-24,11,6,26264,13489
apache/kafka,2023-08-25,8,7,26272,13496
apache/kafka,2023-08-26,5,1,26277,13497
apache/kafka,2023-08-27,5,0,26282,13497
apache/kafka,2023-08-28,8,7,26290,13504
apache/kafka,2023-08-29,15,5,26305,13509
apache/kafka,2023-08-30,12,4,26317,13513
apache/kafka,2023-08-31,9,4,26326,13517
apache/kafka,2023-09-01,12,5,26338,13522
apache/kafka,2023-09-02,3,4,26341,13526
apache/kafka,2023-09-03,5,3,26346,13529
apache/kafka,2023-09-04,9,2,26355,13531
apache/kafka,2023-09-05,9,10,26364,13541
apache/kafka,2023-09-06,12,6,26376,13547
apache/kafka,2023-09-07,12,3,26388,13550
apache/kafka,2023-09-08,10,7,26398,13557
apache/kafka,2023-09-09,8,1,26406,13558
apache/kafka,2023-09-10,7,2,26413,13560
apache/kafka,2023-09-11,5,4,26418,13564
apache/kafka,2023-09-12,6,7,26424,13571
apache/kafka,2023-09-13,5,9,26429,13580
apache/kafka,2023-09-14,5,3,26434,13583
apache/kafka,2023-09-15,11,1,26445,13584
apache/kafka,2023-09-16,5,0,26450,13584
apache/kafka,2023-09-17,2,0,26452,13584
apache/kafka,2023-09-18,5,5,26457,13589
apache/kafka,2023-09-19,12,11,26469,13600
apache/kafka,2023-09-20,9,6,26478,13606
apache/kafka,2023-09-21,4,5,26482,13611
apache/kafka,2023-09-22,11,5,26493,13616
apache/kafka,2023-09-23,11,4,26504,13620
apache/kafka,2023-09-24,3,2,26507,13622
apache/kafka,2023-09-25,9,13,26516,13635
apache/kafka,2023-09-26,8,6,26524,13641
apache/kafka,2023-09-27,10,8,26534,13649
apache/kafka,2023-09-28,5,1,26539,13650
apache/kafka,2023-09-29,4,3,26543,13653
apache/kafka,2023-09-30,7,0,26550,13653
apache/kafka,2023-10-01,4,1,26554,13654
apache/kafka,2023-10-02,12,1,26566,13655
apache/kafka,2023-10-03,6,8,26572,13663
apache/kafka,2023-10-04,6,9,26578,13672
apache/kafka,2023-10-05,6,16,26584,13688
apache/kafka,2023-10-06,10,2,26594,13690
apache/kafka,2023-10-07,10,1,26604,13691
apache/kafka,2023-10-08,7,2,26611,13693
apache/kafka,2023-10-09,7,3,26618,13696
apache/kafka,2023-10-10,3,7,26621,13703
apache/kafka,2023-10-11,11,9,26632,13712
apache/kafka,2023-10-12,12,7,26644,13719
apache/kafka,2023-10-13,11,7,26655,13726
apache/kafka,2023-10-14,4,5,26659,13731
apache/kafka,2023-10-15,6,0,26665,13731
apache/kafka,2023-10-16,4,9,26669,13740
apache/kafka,2023-10-17,11,7,26680,13747
apache/kafka,2023-10-18,8,9,26688,13756
apache/kafka,2023-10-19,12,14,26700,13770
apache/kafka,2023-10-20,13,6,26713,13776
apache/kafka,2023-10-21,8,4,26721,13780
apache/kafka,2023-10-22,5,6,26726,13786
apache/kafka,2023-10-23,7,10,26733,13796
apache/kafka,2023-10-24,5,9,26738,13805
apache/kafka,2023-10-25,2,11,26740,13816
apache/kafka,2023-10-26,11,6,26751,13822
apache/kafka,2023-10-27,6,11,26757,13833
apache/kafka,2023-10-28,6,3,26763,13836
apache/kafka,2023-10-29,6,1,26769,13837
apache/kafka,2023-10-30,4,8,26773,13845
apache/kafka,2023-10-31,7,10,26780,13855
apache/kafka,2023-11-01,13,9,26793,13864
apache/kafka,2023-11-02,8,7,26801,13871
apache/kafka,2023-11-03,12,3,26813,13874
apache/kafka,2023-11-04,5,2,26818,13876
apache/kafka,2023-11-05,3,0,26821,13876
apache/kafka,2023-11-06,9,3,26830,13879
apache/kafka,2023-11-07,11,6,26841,13885
apache/kafka,2023-11-08,10,9,26851,13894
apache/kafka,2023-11-09,11,7,26862,13901
apache/kafka,2023-11-10,14,8,26876,13909
apache/kafka,2023-11-11,5,5,26881,13914
apache/kafka,2023-11-12,0,4,26881,13918
apache/kafka,2023-11-13,13,7,26894,13925
apache/kafka,2023-11-14,3,8,26897,13933
apache/kafka,2023-11-15,11,7,26908,13940
apache/kafka,2023-11-16,6,11,26914,13951
apache/kafka,2023-11-17,6,11,26920,13962
apache/kafka,2023-11-18,8,1,26928,13963
apache/kafka,2023-11-19,8,4,26936,13967
apache/kafka,2023-11-20,8,7,26944,13974
apache/kafka,2023-11-21,6,7,26950,13981
apache/kafka,2023-11-22,7,11,26957,13992
apache/kafka,2023-11-23,14,9,26971,14001
apache/kafka,2023-11-24,5,6,26976,14007
apache/kafka,2023-11-25,4,0,26980,14007
apache/kafka,2023-11-26,5,1,26985,14008
apache/kafka,2023-11-27,2,5,26987,14013
apache/kafka,2023-11-28,7,9,26994,14022
apache/kafka,2023-11-29,9,13,27003,14035
apache/kafka,2023-11-30,6,10,27009,14045
apache/kafka,2023-12-01,6,10,27015,14055
apache/kafka,2023-12-02,4,3,27019,14058
apache/kafka,2023-12-03,4,3,27023,14061
apache/kafka,2023-12-04,3,8,27026,14069
apache/kafka,2023-12-05,8,10,27034,14079
apache/kafka,2023-12-06,6,11,27040,14090
apache/kafka,2023-12-07,9,10,27049,14100
apache/kafka,2023-12-08,10,4,27059,14104
apache/kafka,2023-12-09,6,2,27065,14106
apache/kafka,2023-12-10,5,0,27070,14106
apache/kafka,2023-12-11,4,8,27074,14114
apache/kafka,2023-12-12,9,10,27083,14124
apache/kafka,2023-12-13,8,9,27091,14133
apache/kafka,2023-12-14,10,12,27101,14145
apache/kafka,2023-12-15,9,5,27110,14150
apache/kafka,2023-12-16,8,4,27118,14154
apache/kafka,2023-12-17,8,5,27126,14159
apache/kafka,2023-12-18,4,10,27130,14169
apache/kafka,2023-12-19,4,7,27134,14176
apache/kafka,2023-12-20,11,4,27145,14180
apache/kafka,2023-12-21,4,5,27149,14185
apache/kafka,2023-12-22,9,6,27158,14191
apache/kafka,2023-12-23,5,0,27163,14191
apache/kafka,2023-12-24,7,1,27170,14192
apache/kafka,2023-12-25,7,6,27177,14198
apache/kafka,2023-12-26,14,3,27191,14201
apache/kafka,2023-12-27,5,6,27196,14207
apache/kafka,2023-12-28,7,5,27203,14212
apache/kafka,2023-12-29,5,10,27208,14222
apache/kafka,2023-12-30,6,1,27214,14223
apache/kafka,2023-12-31,7,0,27221,14223
apache/kafka,2024-01-01,1,3,27222,14226
apache/kafka,2024-01-02,7,7,27229,14233
apache/kafka,2024-01-03,12,10,27241,14243
apache/kafka,2024-01-04,10,10,27251,14253
apache/kafka,2024-01-05,11,7,27262,14260
apache/kafka,2024-01-06,7,2,27269,14262
apache/kafka,2024-01-07,5,1,27274,14263
apache/kafka,2024-01-08,11,13,27285,14276
apache/kafka,2024-01-09,9,13,27294,14289
apache/kafka,2024-01-10,11,3,27305,14292
apache/kafka,2024-01-11,9,9,27314,14301
apache/kafka,2024-01-12,5,5,27319,14306
apache/kafka,2024-01-13,3,4,27322,14310
apache/kafka,2024-01-14,6,3,27328,14313
apache/kafka,2024-01-15,12,5,27340,14318
apache/kafka,2024-01-16,7,7,27347,14325
apache/kafka,2024-01-17,5,13,27352,14338
apache/kafka,2024-01-18,5,15,27357,14353
apache/kafka,2024-01-19,8,4,27365,14357
apache/kafka,2024-01-20,6,1,27371,14358
apache/kafka,2024-01-21,8,2,27379,14360
apache/kafka,2024-01-22,5,3,27384,14363
apache/kafka,2024-01-23,8,5,27392,14368
apache/kafka,2024-01-24,9,8,27401,14376
apache/kafka,2024-01-25,11,7,27412,14383
apache/kafka,2024-01-26,5,9,27417,14392
apache/kafka,2024-01-27,10,3,27427,14395
apache/kafka,2024-01-28,11,0,27438,14395
apache/kafka,2024-01-29,14,7,27452,14402
apache/kafka,2024-01-30,13,6,27465,14408
apache/kafka,2024-01-31,7,10,27472,14418
apache/kafka,2024-02-01,5,4,27477,14422
apache/kafka,2024-02-02,7,5,27484,14427
apache/kafka,2024-02-03,9,3,27493,14430
apache/kafka,2024-02-04,9,0,27502,14430
apache/kafka,2024-02-05,12,6,27514,14436
apache/kafka,2024-02-06,11,6,27525,14442
apache/kafka,2024-02-07,12,9,27537,14451
apache/kafka,2024-02-08,7,7,27544,14458
apache/kafka,2024-02-09,8,3,27552,14461
apache/kafka,2024-02-10,4,1,27556,14462
apache/kafka,2024-02-11,2,1,27558,14463
apache/kafka,2024-02-12,5,8,27563,14471
apache/kafka,2024-02-13,5,4,27568,14475
apache/kafka,2024-02-14,9,11,27577,14486
apache/kafka,2024-02-15,4,2,27581,14488
apache/kafka,2024-02-16,7,4,27588,14492
apache/kafka,2024-02-17,6,1,27594,14493
apache/kafka,2024-02-18,8,1,27602,14494
apache/kafka,2024-02-19,2,5,27604,14499
apache/kafka,2024-02-20,12,6,27616,14505
apache/kafka,2024-02-21,12,14,27628,14519
apache/kafka,2024-02-22,10,6,27638,14525
apache/kafka,2024-02-23,11,5,27649,14530
apache/kafka,2024-02-24,3,2,27652,14532
apache/kafka,2024-02-25,4,0,27656,14532
apache/kafka,2024-02-26,3,5,27659,14537
apache/kafka,2024-02-27,11,2,27670,14539
apache/kafka,2024-02-28,7,5,27677,14544
apache/kafka,2024-02-29,7,3,27684,14547
apache/kafka,2024-03-01,12,8,27696,14555
apache/kafka,2024-03-02,7,2,27703,14557
apache/kafka,2024-03-03,10,4,27713,14561
apache/kafka,2024-03-04,4,7,27717,14568
apache/kafka,2024-03-05,11,11,27728,14579
apache/kafka,2024-03-06,3,6,27731,14585
apache/kafka,2024-03-07,15,8,27746,14593
apache/kafka,2024-03-08,7,6,27753,14599
apache/kafka,2024-03-09,2,6,27755,14605
apache/kafka,2024-03-10,10,2,27765,14607
apache/kafka,2024-03-11,5,13,27770,14620
apache/kafka,2024-03-12,4,3,27774,14623
apache/kafka,2024-03-13,13,7,27787,14630
apache/kafka,2024-03-14,11,7,27798,14637
apache/kafka,2024-03-15,8,6,27806,14643
apache/kafka,2024-03-16,8,0,27814,14643
apache/kafka,2024-03-17,3,4,27817,14647
apache/kafka,2024-03-18,9,6,27826,14653
apache/kafka,2024-03-19,14,1,27840,14654
apache/kafka,2024-03-20,9,7,27849,14661
apache/kafka,2024-03-21,7,11,27856,14672
apache/kafka,2024-03-22,10,5,27866,14677
apache/kafka,2024-03-23,5,2,27871,14679
apache/kafka,2024-03-24,5,6,27876,14685
apache/kafka,2024-03-25,8,6,27884,14691
apache/kafka,2024-03-26,12,7,27896,14698
apache/kafka,2024-03-27,12,5,27908,14703
apache/kafka,2024-03-28,8,7,27916,14710
apache/kafka,2024-03-29,8,7,27924,14717
apache/kafka,2024-03-30,4,2,27928,14719
apache/kafka,2024-03-31,4,5,27932,14724
apache/kafka,2024-04-01,13,4,27945,14728
apache/kafka,2024-04-02,10,7,27955,14735
apache/kafka,2024-04-03,11,1,27966,14736
apache/kafka,2024-04-04,5,12,27971,14748
apache/kafka,2024-04-05,6,8,27977,14756
apache/kafka,2024-04-06,8,2,27985,14758
apache/kafka,2024-04-07,5,2,27990,14760
apache/kafka,2024-04-08,6,10,27996,14770
apache/kafka,2024-04-09,10,3,28006,14773
apache/kafka,2024-04-10,6,6,28012,14779
apache/kafka,2024-04-11,9,5,28021,14784
apache/kafka,2024-04-12,15,12,28036,14796
apache/kafka,2024-04-13,6,2,28042,14798
apache/kafka,2024-04-14,2,1,28044,14799
apache/kafka,2024-04-15,9,7,28053,14806
apache/kafka,2024-04-16,8,15,28061,14821
apache/kafka,2024-04-17,4,11,28065,14832
apache/kafka,2024-04-18,14,5,28079,14837
apache/kafka,2024-04-19,7,4,28086,14841
apache/kafka,2024-04-20,7,5,28093,14846
apache/kafka,2024-04-21,10,10,28103,14856
apache/kafka,2024-04-22,9,9,28112,14865
apache/kafka,2024-04-23,12,5,28124,14870
apache/kafka,2024-04-24,11,6,28135,14876
apache/kafka,2024-04-25,10,10,28145,14886
apache/kafka,2024-04-26,14,9,28159,14895
apache/kafka,2024-04-27,5,4,28164,14899
apache/kafka,2024-04-28,7,3,28171,14902
apache/kafka,2024-04-29,10,4,28181,14906
apache/kafka,2024-04-30,10,8,28191,14914
apache/kafka,2024-05-01,10,4,28201,14918
apache/kafka,2024-05-02,8,7,28209,14925
apache/kafka,2024-05-03,9,6,28218,14931
apache/kafka,2024-05-04,9,3,28227,14934
apache/kafka,2024-05-05,12,7,28239,14941
apache/kafka,2024-05-06,10,11,28249,14952
apache/kafka,2024-05-07,8,8,28257,14960
apache/kafka,2024-05-08,9,15,28266,14975
apache/kafka,2024-05-09,14,11,28280,14986
apache/kafka,2024-05-10,7,10,28287,14996
apache/kafka,2024-05-11,8,2,28295,14998
apache/kafka,2024-05-12,7,2,28302,15000
apache/kafka,2024-05-13,4,17,28306,15017
apache/kafka,2024-05-14,10,10,28316,15027
apache/kafka,2024-05-15,3,14,28319,15041
apache/kafka,2024-05-16,17,8,28336,15049
apache/kafka,2024-05-17,8,6,28344,15055
apache/kafka,2024-05-18,5,3,28349,15058
apache/kafka,2024-05-19,8,6,28357,15064
apache/kafka,2024-05-20,7,11,28364,15075
apache/kafka,2024-05-21,3,14,28367,15089
apache/kafka,2024-05-22,8,8,28375,15097
apache/kafka,2024-05-23,10,25,28385,15122
apache/kafka,2024-05-24,13,13,28398,15135
apache/kafka,2024-05-25,9,2,28407,15137
apache/kafka,2024-05-26,10,3,28417,15140
apache/kafka,2024-05-27,6,10,28423,15150
apache/kafka,2024-05-28,6,15,28429,15165
apache/kafka,2024-05-29,8,13,28437,15178
apache/kafka,2024-05-30,9,16,28446,15194
apache/kafka,2024-05-31,7,11,28453,15205
apache/kafka,2024-06-01,4,7,28457,15212
apache/kafka,2024-06-02,6,3,28463,15215
apache/kafka,2024-06-03,12,11,28475,15226
apache/kafka,2024-06-04,11,16,28486,15242
apache/kafka,2024-06-05,8,20,28494,15262
apache/kafka,2024-06-06,6,14,28500,15276
apache/kafka,2024-06-07,5,11,28505,15287
apache/kafka,2024-06-08,5,6,28510,15293
apache/kafka,2024-06-09,5,6,28515,15299
apache/kafka,2024-06-10,6,14,28521,15313
apache/kafka,2024-06-11,2,19,28523,15332
apache/kafka,2024-06-12,9,20,28532,15352
apache/kafka,2024-06-13,16,22,28548,15374
apache/kafka,2024-06-14,9,8,28557,15382
apache/kafka,2024-06-15,6,10,28563,15392
apache/kafka,2024-06-16,7,4,28570,15396
apache/kafka,2024-06-17,6,16,28576,15412
apache/kafka,2024-06-18,7,13,28583,15425
apache/kafka,2024-06-19,9,7,28592,15432
apache/kafka,2024-06-20,6,11,28598,15443
apache/kafka,2024-06-21,12,10,28610,15453
apache/kafka,2024-06-22,7,4,28617,15457
apache/kafka,2024-06-23,9,4,28626,15461
apache/kafka,2024-06-24,9,14,28635,15475
apache/kafka,2024-06-25,12,10,28647,15485
apache/kafka,2024-06-26,14,12,28661,15497
apache/kafka,2024-06-27,11,11,28672,15508
apache/kafka,2024-06-28,12,11,28684,15519
apache/kafka,2024-06-29,9,0,28693,15519
apache/kafka,2024-06-30,7,4,28700,15523
apache/kafka,2024-07-01,9,9,28709,15532
apache/kafka,2024-07-02,15,8,28724,15540
apache/kafka,2024-07-03,13,8,28737,15548
apache/kafka,2024-07-04,7,4,28744,15552
apache/kafka,2024-07-05,6,9,28750,15561
apache/kafka,2024-07-06,9,4,28759,15565
apache/kafka,2024-07-07,5,5,28764,15570
apache/kafka,2024-07-08,7,6,28771,15576
apache/kafka,2024-07-09,9,5,28780,15581
apache/kafka,2024-07-10,7,10,28787,15591
apache/kafka,2024-07-11,8,5,28795,15596
apache/kafka,2024-07-12,9,11,28804,15607
apache/kafka,2024-07-13,5,1,28809,15608
apache/kafka,2024-07-14,7,4,28816,15612
apache/kafka,2024-07-15,8,8,28824,15620
apache/kafka,2024-07-16,4,7,28828,15627
apache/kafka,2024-07-17,9,11,28837,15638
apache/kafka,2024-07-18,8,9,28845,15647
apache/kafka,2024-07-19,12,8,28857,15655
apache/kafka,2024-07-20,41,2,28898,15657
apache/kafka,2024-07-21,9,7,28907,15664
apache/kafka,2024-07-22,11,10,28918,15674
apache/kafka,2024-07-23,11,12,28929,15686
apache/kafka,2024-07-24,8,16,28937,15702
apache/kafka,2024-07-25,9,6,28946,15708
apache/kafka,2024-07-26,5,8,28951,15716
apache/kafka,2024-07-27,5,4,28956,15720
apache/kafka,2024-07-28,6,5,28962,15725
apache/kafka,2024-07-29,5,11,28967,15736
apache/kafka,2024-07-30,7,16,28974,15752
apache/kafka,2024-07-31,9,21,28983,15773
apache/kafka,2024-08-01,6,13,28989,15786
apache/kafka,2024-08-02,3,14,28992,15800
apache/kafka,2024-08-03,6,1,28998,15801
apache/kafka,2024-08-04,8,1,29006,15802
apache/kafka,2024-08-05,9,10,29015,15812
apache/kafka,2024-08-06,7,12,29022,15824
apache/kafka,2024-08-07,8,14,29030,15838
apache/kafka,2024-08-08,5,11,29035,15849
apache/kafka,2024-08-09,12,4,29047,15853
apache/kafka,2024-08-10,8,4,29055,15857
apache/kafka,2024-08-11,3,6,29058,15863
apache/kafka,2024-08-12,12,7,29070,15870
apache/kafka,2024-08-13,10,9,29080,15879
apache/kafka,2024-08-14,10,9,29090,15888
apache/kafka,2024-08-15,9,11,29099,15899
apache/kafka,2024-08-16,13,9,29112,15908
apache/kafka,2024-08-17,10,3,29122,15911
apache/kafka,2024-08-18,7,5,29129,15916
apache/kafka,2024-08-19,8,14,29137,15930
apache/kafka,2024-08-20,6,14,29143,15944
apache/kafka,2024-08-21,3,12,29146,15956
apache/kafka,2024-08-22,11,20,29157,15976
apache/kafka,2024-08-23,7,15,29164,15991
apache/kafka,2024-08-24,6,2,29170,15993
apache/kafka,2024-08-25,6,5,29176,15998
apache/kafka,2024-08-26,12,9,29188,16007
apache/kafka,2024-08-27,7,15,29195,16022
apache/kafka,2024-08-28,7,12,29202,16034
apache/kafka,2024-08-29,9,9,29211,16043
apache/kafka,2024-08-30,12,13,29223,16056
apache/kafka,2024-08-31,8,4,29231,16060
apache/kafka,2024-09-01,12,3,29243,16063
apache/kafka,2024-09-02,14,4,29257,16067
apache/kafka,2024-09-03,7,5,29264,16072
apache/kafka,2024-09-04,9,20,29273,16092
apache/kafka,2024-09-05,11,9,29284,16101
apache/kafka,2024-09-06,8,12,29292,16113
apache/kafka,2024-09-07,9,1,29301,16114
apache/kafka,2024-09-08,6,8,29307,16122
apache/kafka,2024-09-09,12,13,29319,16135
apache/kafka,2024-09-10,4,17,29323,16152
apache/kafka,2024-09-11,10,7,29333,16159
apache/kafka,2024-09-12,13,11,29346,16170
apache/kafka,2024-09-13,18,10,29364,16180
apache/kafka,2024-09-14,7,2,29371,16182
apache/kafka,2024-09-15,4,5,29375,16187
apache/kafka,2024-09-16,10,10,29385,16197
apache/kafka,2024-09-17,7,6,29392,16203
apache/kafka,2024-09-18,8,8,29400,16211
apache/kafka,2024-09-19,15,12,29415,16223
apache/kafka,2024-09-20,13,3,29428,16226
apache/kafka,2024-09-21,7,1,29435,16227
apache/kafka,2024-09-22,8,5,29443,16232
apache/kafka,2024-09-23,13,6,29456,16238
apache/kafka,2024-09-24,11,6,29467,16244
apache/kafka,2024-09-25,13,13,29480,16257
apache/kafka,2024-09-26,11,18,29491,16275
apache/kafka,2024-09-27,11,11,29502,16286
apache/kafka,2024-09-28,6,4,29508,16290
apache/kafka,2024-09-29,8,4,29516,16294
apache/kafka,2024-09-30,6,14,29522,16308
apache/kafka,2024-10-01,3,13,29525,16321
apache/kafka,2024-10-02,8,9,29533,16330
apache/kafka,2024-10-03,3,16,29536,16346
apache/kafka,2024-10-04,7,10,29543,16356
apache/kafka,2024-10-05,12,2,29555,16358
apache/kafka,2024-10-06,10,5,29565,16363
apache/kafka,2024-10-07,9,15,29574,16378
apache/kafka,2024-10-08,12,15,29586,16393
apache/kafka,2024-10-09,8,13,29594,16406
apache/kafka,2024-10-10,11,17,29605,16423
apache/kafka,2024-10-11,9,10,29614,16433
apache/kafka,2024-10-12,8,13,29622,16446
apache/kafka,2024-10-13,8,6,29630,16452
apache/kafka,2024-10-14,7,12,29637,16464
apache/kafka,2024-10-15,15,7,29652,16471
apache/kafka,2024-10-16,9,7,29661,16478
apache/kafka,2024-10-17,7,13,29668,16491
apache/kafka,2024-10-18,16,13,29684,16504
apache/kafka,2024-10-19,8,8,29692,16512
apache/kafka,2024-10-20,6,3,29698,16515
apache/kafka,2024-10-21,8,11,29706,16526
apache/kafka,2024-10-22,10,13,29716,16539
apache/kafka,2024-10-23,10,4,29726,16543
apache/kafka,2024-10-24,13,7,29739,16550
apache/kafka,2024-10-25,12,7,29751,16557
apache/kafka,2024-10-26,6,4,29757,16561
apache/kafka,2024-10-27,5,4,29762,16565
apache/kafka,2024-10-28,3,8,29765,16573
apache/kafka,2024-10-29,17,8,29782,16581
apache/kafka,2024-10-30,8,11,29790,16592
apache/kafka,2024-10-31,7,12,29797,16604
apache/kafka,2024-11-01,7,6,29804,16610
apache/kafka,2024-11-02,7,6,29811,16616
apache/kafka,2024-11-03,7,7,29818,16623
apache/kafka,2024-11-04,6,10,29824,16633
apache/kafka,2024-11-05,10,11,29834,16644
apache/kafka,2024-11-06,11,9,29845,16653
apache/kafka,2024-11-07,9,7,29854,16660
apache/kafka,2024-11-08,7,10,29861,16670
apache/kafka,2024-11-09,4,5,29865,16675
apache/kafka,2024-11-10,7,14,29872,16689
apache/kafka,2024-11-11,11,13,29883,16702
apache/kafka,2024-11-12,9,21,29892,16723
apache/kafka,2024-11-13,11,18,29903,16741
apache/kafka,2024-11-14,10,14,29913,16755
apache/kafka,2024-11-15,11,7,29924,16762
apache/kafka,2024-11-16,7,4,29931,16766
apache/kafka,2024-11-17,4,7,29935,16773
apache/kafka,2024-11-18,10,10,29945,16783
apache/kafka,2024-11-19,11,12,29956,16795
apache/kafka,2024-11-20,11,17,29967,16812
apache/kafka,2024-11-21,7,11,29974,16823
apache/kafka,2024-11-22,6,14,29980,16837
apache/kafka,2024-11-23,10,9,29990,16846
apache/kafka,2024-11-24,8,6,29998,16852
apache/kafka,2024-11-25,3,7,30001,16859
apache/kafka,2024-11-26,6,5,30007,16864
apache/kafka,2024-11-27,7,11,30014,16875
apache/kafka,2024-11-28,7,11,30021,16886
apache/kafka,2024-11-29,7,8,30028,16894
apache/kafka,2024-11-30,5,6,30033,16900
apache/kafka,2024-12-01,6,3,30039,16903
apache/kafka,2024-12-02,6,9,30045,16912
apache/kafka,2024-12-03,13,15,30058,16927
apache/kafka,2024-12-04,15,15,30073,16942
apache/kafka,2024-12-05,15,23,30088,16965
apache/kafka,2024-12-06,12,16,30100,16981
apache/kafka,2024-12-07,6,9,30106,16990
apache/kafka,2024-12-08,7,4,30113,16994
apache/kafka,2024-12-09,8,9,30121,17003
apache/kafka,2024-12-10,11,20,30132,17023
apache/kafka,2024-12-11,13,14,30145,17037
apache/kafka,2024-12-12,9,11,30154,17048
apache/kafka,2024-12-13,9,13,30163,17061
apache/kafka,2024-12-14,4,9,30167,17070
apache/kafka,2024-12-15,5,15,30172,17085
apache/kafka,2024-12-16,9,19,30181,17104
apache/kafka,2024-12-17,7,14,30188,17118
apache/kafka,2024-12-18,7,23,30195,17141
apache/kafka,2024-12-19,10,13,30205,17154
apache/kafka,2024-12-20,7,10,30212,17164
apache/kafka,2024-12-21,4,5,30216,17169
apache/kafka,2024-12-22,12,8,30228,17177
apache/kafka,2024-12-23,7,3,30235,17180
apache/kafka,2024-12-24,9,8,30244,17188
apache/kafka,2024-12-25,6,2,30250,17190
apache/kafka,2024-12-26,8,7,30258,17197
apache/kafka,2024-12-27,6,10,30264,17207
apache/kafka,2024-12-28,9,6,30273,17213
apache/kafka,2024-12-29,3,6,30276,17219
apache/kafka,2024-12-30,9,7,30285,17226
apache/kafka,2024-12-31,2,12,30287,17238
apache/kafka,2025-01-01,0,1,30287,17239
